date,tag,oyster_no,treatment,Predicted_Volume_Poly
20250626,13,oyster1,Immune PolyIC,86.50118903951619
20250626,13,oyster5,Immune PolyIC,2500.0166651325576
20250626,13,oyster6,Immune PolyIC,1454.30710525424
20250626,13,oyster12,Immune PolyIC,150.73126743999495
20250626,13,oyster45,Immune PolyIC,651.714314829146
20250626,14,oyster1,Control,5013.159268637072
20250626,14,oyster2,Control,2053.738205331886
20250626,14,oyster3,Control,275.226045780572
20250626,14,oyster4,Control,1280.7188113991087
20250626,14,oyster13,Control,204.71606188253503
20250626,14,oyster25,Control,40.61720068837852
20250626,15,oyster1,Control,416.6578487180467
20250626,15,oyster2,Control,2064.664576755974
20250626,15,oyster3,Control,3112.015004281897
20250626,15,oyster4,Control,2433.5764245858463
20250626,15,oyster5,Control,375.99807373498305
20250626,15,oyster8,Control,347.8504274830074
20250626,15,oyster10,Control,1267.0394580590532
20250626,15,oyster22,Control,52.31322575798238
20250626,15,oyster36,Control,2841.7379818058803
20250626,16,oyster3,Immune PolyIC,1425.96668426441
20250626,16,oyster4,Immune PolyIC,1331.0338138761288
20250626,16,oyster6,Immune PolyIC,776.4676022423236
20250626,16,oyster7,Immune PolyIC,2042.1027083655465
20250626,16,oyster9,Immune PolyIC,1417.893062739659
20250626,16,oyster10,Immune PolyIC,793.0983002628248
20250626,16,oyster11,Immune PolyIC,241.8189482334597
20250626,16,oyster19,Immune PolyIC,667.123788413845
20250626,16,oyster20,Immune PolyIC,811.1982660798346
20250626,16,oyster24,Immune PolyIC,1805.9370762260305
20250626,16,oyster32,Immune PolyIC,2374.8674275335648
20250626,17,oyster1,Control,8733.249602756669
20250626,17,oyster2,Control,2622.692892955947
20250626,17,oyster3,Control,446.30363470693635
20250626,17,oyster4,Control,3817.015598056792
20250626,17,oyster6,Control,690.5719108354194
20250626,17,oyster7,Control,862.621536933077
20250626,17,oyster9,Control,329.5620868586502
20250626,17,oyster10,Control,891.5347835183218
20250626,17,oyster11,Control,444.48057915570803
20250626,17,oyster12,Control,2212.1273151105474
20250626,17,oyster16,Control,1265.8537489750117
20250626,17,oyster17,Control,1052.9419387605074
20250626,17,oyster19,Control,3559.465151014154
20250626,17,oyster20,Control,356.757572653147
20250626,17,oyster21,Control,384.0693969447235
20250626,17,oyster23,Control,3292.949206691888
20250626,17,oyster27,Control,12498.845933773995
20250626,17,oyster49,Control,186.49138787276144
20250626,17,oyster50,Control,530.633930868926
20250626,18,oyster1,Immune PolyIC,3869.3821535410993
20250626,18,oyster2,Immune PolyIC,3129.866522318388
20250626,18,oyster3,Immune PolyIC,1425.5014595857788
20250626,18,oyster5,Immune PolyIC,1298.5637609973096
20250626,18,oyster8,Immune PolyIC,362.58103211793883
20250626,18,oyster11,Immune PolyIC,529.3440831191435
20250626,18,oyster43,Immune PolyIC,247.49396315069825
20250626,18,oyster51,Immune PolyIC,2432.514692439192
20250626,19,oyster1,Control,6652.869752894761
20250626,19,oyster2,Control,1055.4314251402725
20250626,19,oyster3,Control,2685.867100329553
20250626,19,oyster6,Control,1455.3307914663835
20250626,19,oyster9,Control,148.61386401178655
20250626,19,oyster10,Control,1133.146654190389
20250626,19,oyster11,Control,1660.9642421135204
20250626,19,oyster38,Control,52.683868424571116
20250626,20,oyster2,Immune PolyIC,2651.351545974807
20250626,20,oyster3,Immune PolyIC,1246.9712561440128
20250626,20,oyster4,Immune PolyIC,2488.1070991070305
20250626,20,oyster5,Immune PolyIC,2294.0122862961553
20250626,20,oyster6,Immune PolyIC,2264.502116790222
20250626,20,oyster7,Immune PolyIC,382.26876182196077
20250626,20,oyster9,Immune PolyIC,1940.4220245801578
20250626,20,oyster11,Immune PolyIC,496.7220967607249
20250626,20,oyster12,Immune PolyIC,288.96951162845346
20250626,20,oyster13,Immune PolyIC,692.271268549959
20250626,20,oyster15,Immune PolyIC,432.69251520033083
20250626,20,oyster17,Immune PolyIC,163.00230200893594
20250626,20,oyster19,Immune PolyIC,449.4447139242993
20250626,20,oyster22,Immune PolyIC,2112.8240646773465
20250626,20,oyster23,Immune PolyIC,770.4117419403351
20250626,20,oyster52,Immune PolyIC,3677.242236133394
20251006,13,oyster1,Immune PolyIC,24452.00795052417
20251006,13,oyster2,Immune PolyIC,28521.675180597224
20251006,13,oyster3,Immune PolyIC,14630.57562937044
20251006,13,oyster4,Immune PolyIC,17740.345958643375
20251006,13,oyster5,Immune PolyIC,12925.729771460803
20251006,13,oyster6,Immune PolyIC,19933.646312706816
20251006,13,oyster7,Immune PolyIC,23633.22352354934
20251006,13,oyster8,Immune PolyIC,19232.212416304035
20251006,13,oyster9,Immune PolyIC,22021.47160647243
20251006,13,oyster10,Immune PolyIC,21838.82279701301
20251006,13,oyster11,Immune PolyIC,22098.520024238096
20251006,13,oyster12,Immune PolyIC,11384.349657383442
20251006,13,oyster13,Immune PolyIC,36998.55625985951
20251006,13,oyster14,Immune PolyIC,24152.120599143218
20251006,13,oyster15,Immune PolyIC,31447.730395612143
20251006,13,oyster16,Immune PolyIC,24442.537667307497
20251006,13,oyster17,Immune PolyIC,26988.501952070215
20251006,13,oyster18,Immune PolyIC,29655.945464933808
20251006,13,oyster19,Immune PolyIC,25833.217700315625
20251006,13,oyster20,Immune PolyIC,22020.43997944308
20251006,13,oyster21,Immune PolyIC,27788.89476395938
20251006,13,oyster22,Immune PolyIC,17776.85795678644
20251006,13,oyster23,Immune PolyIC,21060.837074960837
20251006,13,oyster24,Immune PolyIC,28594.7202595889
20251006,13,oyster25,Immune PolyIC,25580.046437811136
20251006,13,oyster26,Immune PolyIC,20028.656917285396
20251006,13,oyster27,Immune PolyIC,29338.41263963483
20251006,13,oyster29,Immune PolyIC,35564.43942454764
20251006,13,oyster30,Immune PolyIC,14289.542153044988
20251006,13,oyster31,Immune PolyIC,22275.50229430997
20251006,13,oyster32,Immune PolyIC,19560.653611005804
20251006,13,oyster33,Immune PolyIC,23218.719270344056
20251006,13,oyster34,Immune PolyIC,23131.11121748838
20251006,13,oyster35,Immune PolyIC,14702.924031449951
20251006,13,oyster36,Immune PolyIC,16581.604583156157
20251006,13,oyster37,Immune PolyIC,22713.694348390825
20251006,13,oyster38,Immune PolyIC,22424.337118818792
20251006,13,oyster39,Immune PolyIC,15704.493005776389
20251006,13,oyster40,Immune PolyIC,18972.285384470695
20251006,13,oyster41,Immune PolyIC,21251.71595156211
20251006,13,oyster42,Immune PolyIC,21444.79247523687
20251006,13,oyster43,Immune PolyIC,22133.19881987985
20251006,13,oyster44,Immune PolyIC,12524.576278280238
20251006,13,oyster45,Immune PolyIC,24991.913409873607
20251006,13,oyster46,Immune PolyIC,16111.583037245195
20251006,13,oyster47,Immune PolyIC,12735.186297431645
20251006,13,oyster48,Immune PolyIC,25131.218133258273
20251006,13,oyster49,Immune PolyIC,27446.30416571358
20251006,13,oyster50,Immune PolyIC,19688.933038663552
20251006,13,oyster51,Immune PolyIC,22153.31406312893
20251006,13,oyster52,Immune PolyIC,26474.6467237043
20251006,13,oyster53,Immune PolyIC,25098.09009503917
20251006,13,oyster54,Immune PolyIC,20126.041429751527
20251006,13,oyster55,Immune PolyIC,23258.19797432251
20251006,13,oyster56,Immune PolyIC,28235.646518637303
20251006,13,oyster57,Immune PolyIC,14729.223867578487
20251006,13,oyster58,Immune PolyIC,23266.51539155322
20251006,13,oyster60,Immune PolyIC,10122.727400582364
20251006,13,oyster61,Immune PolyIC,20069.115794992413
20251006,13,oyster62,Immune PolyIC,11424.562064296993
20251006,13,oyster63,Immune PolyIC,21595.291705581727
20251006,13,oyster64,Immune PolyIC,22879.79829949138
20251006,13,oyster65,Immune PolyIC,21943.431266885123
20251006,13,oyster66,Immune PolyIC,19954.632137438544
20251006,13,oyster67,Immune PolyIC,17003.24608457301
20251006,13,oyster68,Immune PolyIC,17434.94890490057
20251006,13,oyster69,Immune PolyIC,12155.09692379808
20251006,13,oyster70,Immune PolyIC,13013.921374192587
20251006,13,oyster71,Immune PolyIC,5901.8460218307055
20251006,13,oyster72,Immune PolyIC,16283.880886030653
20251006,13,oyster73,Immune PolyIC,23395.063556593825
20251006,13,oyster74,Immune PolyIC,24109.04344614163
20251006,13,oyster75,Immune PolyIC,23341.067067242428
20251006,13,oyster76,Immune PolyIC,23734.12171119801
20251006,13,oyster77,Immune PolyIC,22260.36426290145
20251006,13,oyster78,Immune PolyIC,25671.45188265316
20251006,13,oyster79,Immune PolyIC,26932.936003169743
20251006,13,oyster80,Immune PolyIC,21020.6819988998
20251006,13,oyster81,Immune PolyIC,16961.59273147195
20251006,13,oyster82,Immune PolyIC,19898.363506072936
20251006,13,oyster83,Immune PolyIC,27853.86697781713
20251006,13,oyster84,Immune PolyIC,13571.539932613381
20251006,13,oyster85,Immune PolyIC,25775.922464465453
20251006,13,oyster86,Immune PolyIC,19745.099210031996
20251006,13,oyster87,Immune PolyIC,24569.41358986647
20251006,13,oyster88,Immune PolyIC,26975.02239822609
20251006,13,oyster89,Immune PolyIC,30391.23859212846
20251006,13,oyster90,Immune PolyIC,25845.550365875217
20251006,13,oyster91,Immune PolyIC,16298.799980930351
20251006,13,oyster92,Immune PolyIC,19790.716518437097
20251006,13,oyster93,Immune PolyIC,12686.277694292505
20251006,13,oyster94,Immune PolyIC,27836.747580759435
20251006,13,oyster95,Immune PolyIC,28029.615584094594
20251006,13,oyster96,Immune PolyIC,20557.86391688063
20251006,13,oyster98,Immune PolyIC,16906.55451212954
20251006,13,oyster99,Immune PolyIC,31035.420246658112
20251006,14,oyster1,Control,14298.829633096933
20251006,14,oyster2,Control,2604.6946857749886
20251006,14,oyster3,Control,19418.04769871306
20251006,14,oyster4,Control,25542.717011402267
20251006,14,oyster5,Control,13578.86399638716
20251006,14,oyster6,Control,26248.597288314173
20251006,14,oyster7,Control,15289.615012926464
20251006,14,oyster8,Control,8429.459751166683
20251006,14,oyster9,Control,16983.47546548971
20251006,14,oyster10,Control,17901.922520898795
20251006,14,oyster11,Control,11972.929158004557
20251006,14,oyster12,Control,16004.681513773017
20251006,14,oyster13,Control,13353.902279708316
20251006,14,oyster14,Control,20081.12761096924
20251006,14,oyster15,Control,18811.697198900914
20251006,14,oyster16,Control,17527.712137113773
20251006,14,oyster17,Control,5051.4028741565335
20251006,14,oyster18,Control,20745.92111576288
20251006,14,oyster19,Control,12259.867095528833
20251006,14,oyster20,Control,16025.353967042689
20251006,14,oyster21,Control,7255.883840498513
20251006,14,oyster22,Control,4750.397325205005
20251006,14,oyster23,Control,11843.459154336279
20251006,14,oyster24,Control,3840.4550775887215
20251006,14,oyster25,Control,7724.626913304125
20251006,14,oyster26,Control,22266.95988585214
20251006,14,oyster27,Control,16966.38740201157
20251006,14,oyster28,Control,6540.1408240230885
20251006,14,oyster29,Control,8538.49279782455
20251006,14,oyster30,Control,15459.21882996116
20251006,14,oyster31,Control,8453.26368002846
20251006,14,oyster32,Control,17617.10677000702
20251006,14,oyster33,Control,15994.891096225303
20251006,14,oyster34,Control,13228.166564115825
20251006,14,oyster36,Control,10311.286138999592
20251006,14,oyster37,Control,19668.930505203414
20251006,14,oyster39,Control,19073.45139696476
20251006,14,oyster40,Control,8160.433958769746
20251006,14,oyster42,Control,13000.714888995157
20251006,14,oyster43,Control,21085.91097785571
20251006,14,oyster44,Control,12435.124035897408
20251006,14,oyster45,Control,18248.346393704036
20251006,14,oyster46,Control,13025.052847746821
20251006,14,oyster47,Control,17351.52215184455
20251006,14,oyster48,Control,13023.334405083875
20251006,14,oyster49,Control,4681.744950025436
20251006,14,oyster50,Control,17957.000277540552
20251006,14,oyster51,Control,16638.30375031946
20251006,14,oyster52,Control,3919.6479432668684
20251006,14,oyster53,Control,11736.461093665876
20251006,14,oyster54,Control,12152.055082312867
20251006,14,oyster55,Control,17378.242772899954
20251006,14,oyster56,Control,17077.68196760071
20251006,14,oyster57,Control,11370.60320473608
20251006,14,oyster58,Control,15408.395169070518
20251006,14,oyster59,Control,18173.038630897092
20251006,14,oyster60,Control,9204.618573871881
20251006,14,oyster61,Control,10295.010457525257
20251006,14,oyster62,Control,22824.1505732906
20251006,14,oyster63,Control,13633.634783528916
20251006,14,oyster64,Control,11054.393884972802
20251006,14,oyster65,Control,17930.803471462543
20251006,14,oyster66,Control,17825.131753826772
20251006,14,oyster67,Control,13678.649142462553
20251006,14,oyster68,Control,16779.59421627477
20251006,14,oyster69,Control,13494.420409043476
20251006,14,oyster70,Control,16711.421729560352
20251006,14,oyster71,Control,16083.481683268912
20251006,14,oyster72,Control,17543.099096386763
20251006,14,oyster73,Control,16083.66149507746
20251006,14,oyster74,Control,9685.098458093498
20251006,14,oyster75,Control,16105.919698218917
20251006,14,oyster76,Control,19026.51491052855
20251006,14,oyster77,Control,11713.079544913375
20251006,14,oyster78,Control,8846.449686383912
20251006,14,oyster79,Control,17480.24759044433
20251006,14,oyster80,Control,9357.657574131743
20251006,14,oyster81,Control,17898.420683667657
20251006,14,oyster82,Control,21384.592925543737
20251006,14,oyster83,Control,13428.003736165423
20251006,14,oyster84,Control,15363.811429988058
20251006,14,oyster85,Control,10833.95819836007
20251006,14,oyster86,Control,14398.590587390225
20251006,14,oyster87,Control,6580.137734935372
20251006,14,oyster88,Control,14324.449245379727
20251006,14,oyster89,Control,6689.738375566735
20251006,14,oyster90,Control,6344.2189562220055
20251006,14,oyster91,Control,21066.41138665585
20251006,15,oyster1,Control,12701.036928861626
20251006,15,oyster2,Control,17574.69246447542
20251006,15,oyster3,Control,17980.31336873542
20251006,15,oyster4,Control,13106.992078249057
20251006,15,oyster5,Control,17252.801273439218
20251006,15,oyster6,Control,22464.50058689235
20251006,15,oyster7,Control,15683.680230758873
20251006,15,oyster8,Control,20493.51461175612
20251006,15,oyster9,Control,17008.07449520712
20251006,15,oyster10,Control,20561.856776622837
20251006,15,oyster11,Control,20747.951546359625
20251006,15,oyster12,Control,23442.662394977615
20251006,15,oyster13,Control,16631.756665516874
20251006,15,oyster14,Control,15284.293185049186
20251006,15,oyster15,Control,16515.316242843215
20251006,15,oyster16,Control,27260.154140833278
20251006,15,oyster17,Control,9316.385122400066
20251006,15,oyster18,Control,17348.477039007095
20251006,15,oyster19,Control,15786.022553907174
20251006,15,oyster20,Control,22097.120646012267
20251006,15,oyster21,Control,22097.328739264634
20251006,15,oyster22,Control,25071.162085387827
20251006,15,oyster23,Control,20517.40742207134
20251006,15,oyster24,Control,17678.90701031932
20251006,15,oyster25,Control,30519.97211935322
20251006,15,oyster26,Control,26965.953870709443
20251006,15,oyster27,Control,12267.75238366399
20251006,15,oyster28,Control,21205.261435831257
20251006,15,oyster29,Control,15153.175043033536
20251006,15,oyster30,Control,17763.580177744258
20251006,15,oyster31,Control,10809.36617915233
20251006,15,oyster32,Control,14759.418951427051
20251006,15,oyster33,Control,17031.747125898364
20251006,15,oyster34,Control,19557.857160406274
20251006,15,oyster35,Control,20258.610884904672
20251006,15,oyster36,Control,10279.913452697225
20251006,15,oyster37,Control,15722.570358055944
20251006,15,oyster38,Control,19079.316614251253
20251006,15,oyster39,Control,22497.69835770086
20251006,15,oyster40,Control,12567.865815761666
20251006,15,oyster41,Control,7377.312751915292
20251006,15,oyster42,Control,14543.70342521615
20251006,15,oyster43,Control,18840.266512109756
20251006,15,oyster44,Control,18116.12908896942
20251006,15,oyster45,Control,5931.030531016858
20251006,15,oyster46,Control,6037.925108842123
20251006,15,oyster47,Control,13769.583880637992
20251006,15,oyster48,Control,19303.108648485857
20251006,15,oyster49,Control,12499.28886385088
20251006,15,oyster50,Control,11697.878440412655
20251006,15,oyster52,Control,15793.511552399446
20251006,15,oyster53,Control,12087.234379495118
20251006,15,oyster54,Control,19256.854826588467
20251006,15,oyster55,Control,15676.005519931243
20251006,15,oyster56,Control,23107.49713197033
20251006,15,oyster57,Control,10487.719915538602
20251006,15,oyster58,Control,14994.65717907441
20251006,15,oyster59,Control,12932.350306183867
20251006,15,oyster60,Control,11900.156672396297
20251006,15,oyster61,Control,14120.810925044081
20251006,15,oyster62,Control,11951.141344633743
20251006,15,oyster63,Control,10566.49563219229
20251006,15,oyster64,Control,6607.060569032318
20251006,15,oyster65,Control,11534.891878711236
20251006,15,oyster66,Control,14673.162599395539
20251006,15,oyster67,Control,13119.936275935637
20251006,15,oyster68,Control,17407.662246669675
20251006,15,oyster69,Control,16479.00257424451
20251006,15,oyster70,Control,13609.07226909114
20251006,15,oyster71,Control,17100.851423710243
20251006,15,oyster72,Control,11253.155575768025
20251006,15,oyster73,Control,16065.241560984861
20251006,15,oyster75,Control,18701.29096914513
20251006,15,oyster76,Control,15298.693672336532
20251006,15,oyster77,Control,12522.062735237314
20251006,15,oyster78,Control,14107.141126425484
20251006,15,oyster79,Control,20950.687439579477
20251006,15,oyster80,Control,21280.058834049494
20251006,15,oyster81,Control,13302.670783364832
20251006,15,oyster82,Control,15205.045527754966
20251006,15,oyster83,Control,11418.52641367542
20251006,15,oyster84,Control,24232.094081739044
20251006,15,oyster85,Control,9215.209270202544
20251006,15,oyster86,Control,11445.680719551066
20251006,15,oyster87,Control,19362.13230831244
20251006,15,oyster88,Control,19480.796190055706
20251006,15,oyster90,Control,9966.901057514335
20251006,15,oyster91,Control,4640.485304798205
20251006,15,oyster92,Control,19429.515095767845
20251006,16,oyster1,Immune PolyIC,22950.21917894956
20251006,16,oyster2,Immune PolyIC,15616.856200499571
20251006,16,oyster3,Immune PolyIC,24672.80389276362
20251006,16,oyster4,Immune PolyIC,23337.00059940973
20251006,16,oyster5,Immune PolyIC,7773.8447357004625
20251006,16,oyster6,Immune PolyIC,5874.272683773773
20251006,16,oyster7,Immune PolyIC,11436.139177422545
20251006,16,oyster8,Immune PolyIC,18409.99746060375
20251006,16,oyster9,Immune PolyIC,9903.44917458051
20251006,16,oyster10,Immune PolyIC,15935.785152124885
20251006,16,oyster11,Immune PolyIC,17809.631530620914
20251006,16,oyster12,Immune PolyIC,22983.81432168297
20251006,16,oyster13,Immune PolyIC,14644.087988377454
20251006,16,oyster14,Immune PolyIC,9362.908049995982
20251006,16,oyster15,Immune PolyIC,17067.578993642965
20251006,16,oyster16,Immune PolyIC,22920.79395165754
20251006,16,oyster17,Immune PolyIC,27716.554588093673
20251006,16,oyster18,Immune PolyIC,20646.646840349742
20251006,16,oyster19,Immune PolyIC,5244.070208774469
20251006,16,oyster20,Immune PolyIC,9887.707438406987
20251006,16,oyster21,Immune PolyIC,14753.731445237678
20251006,16,oyster22,Immune PolyIC,19114.303802886236
20251006,16,oyster23,Immune PolyIC,10672.927808570255
20251006,16,oyster24,Immune PolyIC,17632.377710824017
20251006,16,oyster25,Immune PolyIC,13321.693345335898
20251006,16,oyster26,Immune PolyIC,20285.87470434842
20251006,16,oyster27,Immune PolyIC,26346.095256742727
20251006,16,oyster28,Immune PolyIC,24334.988104158667
20251006,16,oyster29,Immune PolyIC,22831.16251481066
20251006,16,oyster30,Immune PolyIC,21348.476472620816
20251006,16,oyster31,Immune PolyIC,13007.988847111461
20251006,16,oyster32,Immune PolyIC,16890.01606226589
20251006,16,oyster33,Immune PolyIC,13484.149708023328
20251006,16,oyster34,Immune PolyIC,12955.018440867469
20251006,16,oyster35,Immune PolyIC,4074.3855878670847
20251006,16,oyster36,Immune PolyIC,14740.927756841476
20251006,16,oyster37,Immune PolyIC,18430.106563915433
20251006,16,oyster38,Immune PolyIC,11829.924820078462
20251006,16,oyster39,Immune PolyIC,14931.44395831737
20251006,16,oyster40,Immune PolyIC,22174.293693222233
20251006,16,oyster41,Immune PolyIC,18062.041478708194
20251006,16,oyster42,Immune PolyIC,12226.341037863505
20251006,16,oyster43,Immune PolyIC,21639.56497715049
20251006,16,oyster44,Immune PolyIC,13035.428681092928
20251006,16,oyster45,Immune PolyIC,13475.014903630752
20251006,16,oyster46,Immune PolyIC,24846.952400887934
20251006,16,oyster47,Immune PolyIC,18452.369099154916
20251006,16,oyster49,Immune PolyIC,15336.827908021596
20251006,16,oyster50,Immune PolyIC,13738.98958652384
20251006,16,oyster51,Immune PolyIC,10751.936940709455
20251006,16,oyster52,Immune PolyIC,20426.440379347147
20251006,16,oyster53,Immune PolyIC,15451.286760699279
20251006,16,oyster54,Immune PolyIC,13840.91118237719
20251006,16,oyster55,Immune PolyIC,10687.74395140605
20251006,16,oyster56,Immune PolyIC,7907.173511752862
20251006,16,oyster57,Immune PolyIC,13491.40334368211
20251006,16,oyster58,Immune PolyIC,13864.861781928646
20251006,16,oyster59,Immune PolyIC,15067.7703631412
20251006,16,oyster60,Immune PolyIC,10525.846545037166
20251006,16,oyster61,Immune PolyIC,20602.2116249966
20251006,16,oyster62,Immune PolyIC,19271.076509704988
20251006,16,oyster63,Immune PolyIC,17619.24615995117
20251006,16,oyster64,Immune PolyIC,19810.8468906767
20251006,16,oyster65,Immune PolyIC,16105.454325491995
20251006,16,oyster66,Immune PolyIC,6614.051186514497
20251006,16,oyster67,Immune PolyIC,19520.803376406573
20251006,16,oyster68,Immune PolyIC,21483.343207675756
20251006,16,oyster69,Immune PolyIC,15550.305421680363
20251006,16,oyster70,Immune PolyIC,9106.477468475705
20251006,16,oyster71,Immune PolyIC,15396.95392291766
20251006,16,oyster72,Immune PolyIC,21576.30745090592
20251006,16,oyster73,Immune PolyIC,10373.93551437424
20251006,16,oyster74,Immune PolyIC,15914.026635504051
20251006,16,oyster75,Immune PolyIC,12440.204350430598
20251006,16,oyster76,Immune PolyIC,12738.720421937182
20251006,16,oyster77,Immune PolyIC,16274.441715860681
20251006,16,oyster78,Immune PolyIC,11726.356104537797
20251006,16,oyster79,Immune PolyIC,15223.488943575856
20251006,16,oyster80,Immune PolyIC,12489.586822874728
20251006,16,oyster81,Immune PolyIC,9559.413172801203
20251006,16,oyster82,Immune PolyIC,12545.951601195095
20251006,16,oyster83,Immune PolyIC,12597.544946057867
20251006,16,oyster84,Immune PolyIC,11569.912885142989
20251006,16,oyster85,Immune PolyIC,16860.156195139356
20251006,16,oyster86,Immune PolyIC,11408.350209364931
20251006,16,oyster87,Immune PolyIC,14671.970442147782
20251006,16,oyster88,Immune PolyIC,17585.003517797646
20251006,16,oyster89,Immune PolyIC,14061.137208561857
20251006,16,oyster90,Immune PolyIC,18391.508573824947
20251006,16,oyster92,Immune PolyIC,12830.299844497154
20251006,16,oyster93,Immune PolyIC,22562.203561390987
20251006,16,oyster94,Immune PolyIC,26710.2419600302
20251006,16,oyster95,Immune PolyIC,20739.931387619767
20251006,16,oyster96,Immune PolyIC,19474.143307129754
20251006,16,oyster97,Immune PolyIC,3742.6215847956955
20251006,16,oyster98,Immune PolyIC,9358.560104103753
20251006,16,oyster99,Immune PolyIC,21651.55772551937
20251006,16,oyster100,Immune PolyIC,23921.819171582123
20251006,16,oyster101,Immune PolyIC,11959.011186007994
20251006,16,oyster102,Immune PolyIC,25744.44471135311
20251006,16,oyster103,Immune PolyIC,24174.979585171626
20251006,16,oyster104,Immune PolyIC,4065.356477112261
20251006,17,oyster1,Control,19560.15524578348
20251006,17,oyster2,Control,8017.6201754142485
20251006,17,oyster3,Control,6353.566216704622
20251006,17,oyster4,Control,22661.557153468133
20251006,17,oyster5,Control,24904.38905593395
20251006,17,oyster6,Control,24495.25532874168
20251006,17,oyster7,Control,20082.14383585088
20251006,17,oyster8,Control,18043.07593044704
20251006,17,oyster9,Control,24132.020402697442
20251006,17,oyster10,Control,26425.9544777901
20251006,17,oyster11,Control,24229.110901574833
20251006,17,oyster12,Control,16253.051813901195
20251006,17,oyster13,Control,22296.528596597655
20251006,17,oyster14,Control,16948.817773178587
20251006,17,oyster15,Control,14023.298390629889
20251006,17,oyster16,Control,18762.10921591155
20251006,17,oyster18,Control,25067.98113650575
20251006,17,oyster19,Control,18106.804212462663
20251006,17,oyster20,Control,18890.226953089128
20251006,17,oyster21,Control,22069.270208851314
20251006,17,oyster22,Control,18081.380037407565
20251006,17,oyster23,Control,19559.659466357145
20251006,17,oyster24,Control,22145.903818019822
20251006,17,oyster25,Control,21643.312331942412
20251006,17,oyster26,Control,12960.135434259544
20251006,17,oyster27,Control,14456.807451145898
20251006,17,oyster28,Control,13053.748404460775
20251006,17,oyster29,Control,18986.301408911113
20251006,17,oyster30,Control,24208.940125309506
20251006,17,oyster31,Control,15696.026621439458
20251006,17,oyster32,Control,25647.005588577784
20251006,17,oyster33,Control,15580.221490187174
20251006,17,oyster34,Control,28002.895440139746
20251006,17,oyster35,Control,17781.176629931582
20251006,17,oyster36,Control,21678.757075189293
20251006,17,oyster37,Control,13983.214219967696
20251006,17,oyster38,Control,14743.314739780748
20251006,17,oyster39,Control,21649.31830137695
20251006,17,oyster40,Control,12541.484113219774
20251006,17,oyster41,Control,22856.57492814406
20251006,17,oyster42,Control,14814.025554644251
20251006,17,oyster43,Control,16922.922954942762
20251006,17,oyster44,Control,17560.124065439817
20251006,17,oyster45,Control,21795.425432532298
20251006,17,oyster46,Control,19415.279471381593
20251006,17,oyster47,Control,23220.776499451236
20251006,17,oyster49,Control,14000.16576300998
20251006,17,oyster51,Control,18128.09670892896
20251006,17,oyster52,Control,20370.535789711852
20251006,17,oyster53,Control,18309.801633477542
20251006,17,oyster54,Control,10043.414201675852
20251006,17,oyster55,Control,12213.204846505028
20251006,17,oyster56,Control,19435.23179486062
20251006,17,oyster57,Control,13567.94764108213
20251006,17,oyster58,Control,14708.582606934933
20251006,17,oyster59,Control,23197.349775081035
20251006,17,oyster60,Control,15433.587534930617
20251006,17,oyster61,Control,25291.982593949462
20251006,17,oyster62,Control,21747.02110981176
20251006,17,oyster63,Control,16202.907550312115
20251006,17,oyster64,Control,15373.959879067954
20251006,17,oyster65,Control,19155.99603987095
20251006,17,oyster66,Control,29252.29528790542
20251006,17,oyster67,Control,16079.490717862145
20251006,17,oyster68,Control,22462.640844051977
20251006,17,oyster69,Control,15442.868622466553
20251006,17,oyster70,Control,18841.80833416097
20251006,17,oyster71,Control,17449.952744926213
20251006,17,oyster72,Control,23152.38548064774
20251006,17,oyster73,Control,21535.94919678877
20251006,17,oyster74,Control,17990.897279689565
20251006,17,oyster75,Control,21127.46991399738
20251006,17,oyster76,Control,21178.170033425005
20251006,17,oyster77,Control,18719.04056199767
20251006,17,oyster80,Control,18156.48176861174
20251006,17,oyster81,Control,20505.6474036788
20251006,17,oyster82,Control,16713.820733288227
20251006,17,oyster83,Control,17221.917155557046
20251006,17,oyster84,Control,20027.416171179986
20251006,17,oyster85,Control,21366.74171659333
20251006,17,oyster86,Control,15262.309079455252
20251006,17,oyster87,Control,20135.42479531149
20251006,17,oyster88,Control,14557.511887598375
20251006,17,oyster89,Control,17541.590726082748
20251006,17,oyster90,Control,26904.621644865903
20251006,17,oyster91,Control,24062.880915411217
20251006,17,oyster92,Control,22349.533671390778
20251006,17,oyster93,Control,29025.640571914006
20251006,17,oyster94,Control,18934.904892597886
20251006,17,oyster95,Control,24434.64749972232
20251006,17,oyster96,Control,12390.248476733943
20251006,17,oyster97,Control,13743.057516001896
20251006,17,oyster98,Control,14004.388360554793
20251006,17,oyster99,Control,23720.719888461714
20251006,17,oyster100,Control,19273.541494499124
20251006,17,oyster101,Control,13969.116813740955
20251006,18,oyster1,Immune PolyIC,18600.286579324777
20251006,18,oyster2,Immune PolyIC,6376.824167340093
20251006,18,oyster3,Immune PolyIC,8492.969772822713
20251006,18,oyster4,Immune PolyIC,5566.773850460169
20251006,18,oyster5,Immune PolyIC,13220.089945059068
20251006,18,oyster6,Immune PolyIC,20134.10788105537
20251006,18,oyster7,Immune PolyIC,10767.497815255589
20251006,18,oyster8,Immune PolyIC,15979.378367554913
20251006,18,oyster9,Immune PolyIC,3758.7581391567514
20251006,18,oyster10,Immune PolyIC,5438.507792790381
20251006,18,oyster11,Immune PolyIC,2800.0993545096276
20251006,18,oyster12,Immune PolyIC,19284.574354204
20251006,18,oyster13,Immune PolyIC,10553.188870342514
20251006,18,oyster14,Immune PolyIC,15498.62796768719
20251006,18,oyster15,Immune PolyIC,15013.460569958379
20251006,18,oyster16,Immune PolyIC,17065.66854454507
20251006,18,oyster17,Immune PolyIC,10708.441460082946
20251006,18,oyster18,Immune PolyIC,13796.613248963018
20251006,18,oyster19,Immune PolyIC,17680.759659413096
20251006,18,oyster20,Immune PolyIC,18838.774275684213
20251006,18,oyster21,Immune PolyIC,14317.25587602026
20251006,18,oyster22,Immune PolyIC,12228.250476958021
20251006,18,oyster23,Immune PolyIC,13150.475672630519
20251006,18,oyster24,Immune PolyIC,18254.371842697503
20251006,18,oyster25,Immune PolyIC,5673.16305042033
20251006,18,oyster26,Immune PolyIC,11103.00486897382
20251006,18,oyster27,Immune PolyIC,14654.072597134598
20251006,18,oyster28,Immune PolyIC,15413.628944392345
20251006,18,oyster29,Immune PolyIC,15546.911225101125
20251006,18,oyster30,Immune PolyIC,13069.621714416993
20251006,18,oyster31,Immune PolyIC,16989.81524990903
20251006,18,oyster33,Immune PolyIC,10690.422544843646
20251006,18,oyster34,Immune PolyIC,20211.569453617478
20251006,18,oyster35,Immune PolyIC,13146.980550755205
20251006,18,oyster36,Immune PolyIC,15440.403981636358
20251006,18,oyster37,Immune PolyIC,6985.956254850474
20251006,18,oyster38,Immune PolyIC,13317.138034619644
20251006,18,oyster39,Immune PolyIC,14404.73671940757
20251006,18,oyster40,Immune PolyIC,15185.004737565203
20251006,18,oyster41,Immune PolyIC,11888.09244952843
20251006,18,oyster42,Immune PolyIC,17893.908376863903
20251006,18,oyster43,Immune PolyIC,6672.788095159815
20251006,18,oyster44,Immune PolyIC,11767.273100995504
20251006,18,oyster45,Immune PolyIC,13542.68750280229
20251006,18,oyster46,Immune PolyIC,3581.0701760757584
20251006,18,oyster47,Immune PolyIC,13852.283928079938
20251006,18,oyster48,Immune PolyIC,21919.492041869933
20251006,18,oyster49,Immune PolyIC,16538.516768376838
20251006,18,oyster50,Immune PolyIC,11116.24254652911
20251006,18,oyster51,Immune PolyIC,14835.342116939706
20251006,18,oyster52,Immune PolyIC,13245.324150624101
20251006,18,oyster54,Immune PolyIC,14290.11227263034
20251006,18,oyster55,Immune PolyIC,16566.860124842973
20251006,18,oyster56,Immune PolyIC,16218.109720194598
20251006,18,oyster57,Immune PolyIC,11729.26405420334
20251006,18,oyster58,Immune PolyIC,13702.63444323681
20251006,18,oyster59,Immune PolyIC,11789.831196617239
20251006,18,oyster60,Immune PolyIC,10265.924024909147
20251006,18,oyster61,Immune PolyIC,5397.047737793833
20251006,18,oyster62,Immune PolyIC,4325.132563032953
20251006,18,oyster63,Immune PolyIC,7983.9613899761425
20251006,18,oyster64,Immune PolyIC,8961.590466645848
20251006,18,oyster65,Immune PolyIC,9121.918357429888
20251006,18,oyster66,Immune PolyIC,6821.881854148443
20251006,18,oyster67,Immune PolyIC,12544.014687783798
20251006,18,oyster68,Immune PolyIC,15510.95129457315
20251006,18,oyster69,Immune PolyIC,16559.499738016497
20251006,18,oyster70,Immune PolyIC,12850.092569802024
20251006,18,oyster71,Immune PolyIC,5081.827531984216
20251006,18,oyster72,Immune PolyIC,9184.294556126493
20251006,18,oyster73,Immune PolyIC,15832.914549715424
20251006,18,oyster74,Immune PolyIC,18855.315960751912
20251006,18,oyster75,Immune PolyIC,15449.861571165557
20251006,18,oyster76,Immune PolyIC,20633.879667195743
20251006,18,oyster77,Immune PolyIC,8915.190797216022
20251006,18,oyster78,Immune PolyIC,20199.923749422684
20251006,18,oyster79,Immune PolyIC,17125.43102996846
20251006,18,oyster80,Immune PolyIC,12668.8137457715
20251006,18,oyster81,Immune PolyIC,20062.03696800736
20251006,18,oyster82,Immune PolyIC,5383.4175468957355
20251006,18,oyster83,Immune PolyIC,12331.962069378811
20251006,18,oyster84,Immune PolyIC,12367.456136095601
20251006,18,oyster85,Immune PolyIC,7414.201905741887
20251006,18,oyster86,Immune PolyIC,23393.995544495017
20251006,18,oyster87,Immune PolyIC,9434.50249759908
20251006,19,oyster1,Control,18665.859322524848
20251006,19,oyster2,Control,22196.994982445132
20251006,19,oyster3,Control,19241.293697020978
20251006,19,oyster4,Control,18508.944962609738
20251006,19,oyster5,Control,20998.640850105745
20251006,19,oyster6,Control,17315.44816380557
20251006,19,oyster7,Control,18036.96422156678
20251006,19,oyster8,Control,18157.592218008438
20251006,19,oyster9,Control,16448.44163395893
20251006,19,oyster10,Control,13678.161835743413
20251006,19,oyster11,Control,29012.735383021052
20251006,19,oyster12,Control,26118.944882048978
20251006,19,oyster13,Control,21213.734343667955
20251006,19,oyster14,Control,22777.796675751033
20251006,19,oyster15,Control,27548.96338617932
20251006,19,oyster16,Control,15070.809539332513
20251006,19,oyster17,Control,22809.05722030435
20251006,19,oyster18,Control,25087.745379700486
20251006,19,oyster19,Control,23217.84493208715
20251006,19,oyster21,Control,26979.48237154827
20251006,19,oyster22,Control,22884.859523426112
20251006,19,oyster23,Control,25157.903255696117
20251006,19,oyster24,Control,20854.316489436165
20251006,19,oyster25,Control,25295.92338750224
20251006,19,oyster26,Control,17966.18460948312
20251006,19,oyster27,Control,14967.75089929557
20251006,19,oyster29,Control,20522.96311356081
20251006,19,oyster30,Control,16386.182508455277
20251006,19,oyster31,Control,5621.397570536352
20251006,19,oyster32,Control,23607.37341179815
20251006,19,oyster33,Control,19822.27526371875
20251006,19,oyster35,Control,15925.226703029104
20251006,19,oyster36,Control,8435.118454021514
20251006,19,oyster37,Control,14324.140908586554
20251006,19,oyster38,Control,17596.008868629324
20251006,19,oyster40,Control,15943.750750413123
20251006,19,oyster41,Control,17731.301930535126
20251006,19,oyster42,Control,23036.16681500373
20251006,19,oyster43,Control,10617.440482601858
20251006,19,oyster44,Control,15586.160667706012
20251006,19,oyster45,Control,13639.410481593426
20251006,19,oyster46,Control,15669.368129501581
20251006,19,oyster47,Control,24533.410051775943
20251006,19,oyster48,Control,19332.60808149471
20251006,19,oyster49,Control,12754.401662729822
20251006,19,oyster50,Control,18862.482746214853
20251006,19,oyster51,Control,13952.571723745556
20251006,19,oyster52,Control,10315.501438908781
20251006,19,oyster53,Control,18830.577333207948
20251006,19,oyster54,Control,17857.955821249037
20251006,19,oyster55,Control,19035.11900756399
20251006,19,oyster56,Control,12870.08823698043
20251006,19,oyster57,Control,15634.180298942958
20251006,19,oyster58,Control,19761.800086781626
20251006,19,oyster59,Control,25917.126729558535
20251006,19,oyster60,Control,24181.639538491814
20251006,19,oyster61,Control,18937.0282237705
20251006,19,oyster62,Control,18764.91732671196
20251006,19,oyster63,Control,24953.95399527655
20251006,19,oyster64,Control,19702.060741735222
20251006,19,oyster65,Control,17422.40402039954
20251006,19,oyster66,Control,20918.978912302762
20251006,19,oyster67,Control,17717.346223167224
20251006,19,oyster68,Control,18140.549453909025
20251006,19,oyster69,Control,16198.790148489828
20251006,19,oyster70,Control,13114.784602379477
20251006,19,oyster71,Control,13238.23120644801
20251006,19,oyster72,Control,15387.001955003052
20251006,19,oyster73,Control,12284.949711071857
20251006,19,oyster74,Control,17924.057098930807
20251006,19,oyster75,Control,16113.145946693332
20251006,19,oyster76,Control,13585.176633237279
20251006,19,oyster77,Control,15718.326082848687
20251006,19,oyster78,Control,18290.050958793683
20251006,19,oyster79,Control,6385.760796944478
20251006,19,oyster80,Control,15360.001767910568
20251006,19,oyster81,Control,14563.321122136145
20251006,19,oyster82,Control,8993.92130231445
20251006,19,oyster83,Control,12761.034766161665
20251006,19,oyster84,Control,21079.35261553874
20251006,19,oyster85,Control,15321.960185956375
20251006,19,oyster86,Control,10035.152840613964
20251006,19,oyster87,Control,18519.18545151997
20251006,19,oyster88,Control,12879.064101547789
20251006,19,oyster89,Control,16355.819639398056
20251006,19,oyster90,Control,11930.588276289836
20251006,19,oyster91,Control,16054.155529873302
20251006,19,oyster92,Control,19929.37611408625
20251006,19,oyster93,Control,15985.348543219397
20251006,19,oyster94,Control,10290.521005311624
20251006,19,oyster96,Control,17034.12880287134
20251006,19,oyster97,Control,17990.88509352164
20251006,19,oyster98,Control,9357.339842632333
20251006,19,oyster99,Control,18755.89535692781
20251006,19,oyster100,Control,15552.59163838532
20251006,19,oyster101,Control,16797.29145129678
20251006,19,oyster102,Control,18394.350561314797
20251006,19,oyster103,Control,23489.068838549927
20251006,19,oyster104,Control,23475.955687995385
20251006,20,oyster1,Immune PolyIC,24452.00795052417
20251006,20,oyster2,Immune PolyIC,28521.675180597224
20251006,20,oyster3,Immune PolyIC,14630.57562937044
20251006,20,oyster4,Immune PolyIC,17740.345958643375
20251006,20,oyster5,Immune PolyIC,12925.729771460803
20251006,20,oyster6,Immune PolyIC,19933.646312706816
20251006,20,oyster7,Immune PolyIC,23633.22352354934
20251006,20,oyster8,Immune PolyIC,19232.212416304035
20251006,20,oyster9,Immune PolyIC,22021.47160647243
20251006,20,oyster10,Immune PolyIC,21838.82279701301
20251006,20,oyster11,Immune PolyIC,22098.520024238096
20251006,20,oyster12,Immune PolyIC,11384.349657383442
20251006,20,oyster13,Immune PolyIC,36998.55625985951
20251006,20,oyster14,Immune PolyIC,24152.120599143218
20251006,20,oyster15,Immune PolyIC,31447.730395612143
20251006,20,oyster16,Immune PolyIC,24442.537667307497
20251006,20,oyster17,Immune PolyIC,26988.501952070215
20251006,20,oyster18,Immune PolyIC,29655.945464933808
20251006,20,oyster19,Immune PolyIC,25833.217700315625
20251006,20,oyster20,Immune PolyIC,22020.43997944308
20251006,20,oyster21,Immune PolyIC,27788.89476395938
20251006,20,oyster22,Immune PolyIC,17776.85795678644
20251006,20,oyster23,Immune PolyIC,21060.837074960837
20251006,20,oyster24,Immune PolyIC,28594.7202595889
20251006,20,oyster25,Immune PolyIC,25580.046437811136
20251006,20,oyster26,Immune PolyIC,20028.656917285396
20251006,20,oyster27,Immune PolyIC,29338.41263963483
20251006,20,oyster29,Immune PolyIC,35564.43942454764
20251006,20,oyster30,Immune PolyIC,14289.542153044988
20251006,20,oyster31,Immune PolyIC,22275.50229430997
20251006,20,oyster32,Immune PolyIC,19560.653611005804
20251006,20,oyster33,Immune PolyIC,23218.719270344056
20251006,20,oyster34,Immune PolyIC,23131.11121748838
20251006,20,oyster35,Immune PolyIC,14702.924031449951
20251006,20,oyster36,Immune PolyIC,16581.604583156157
20251006,20,oyster37,Immune PolyIC,22713.694348390825
20251006,20,oyster38,Immune PolyIC,22424.337118818792
20251006,20,oyster39,Immune PolyIC,15704.493005776389
20251006,20,oyster40,Immune PolyIC,18972.285384470695
20251006,20,oyster41,Immune PolyIC,21251.71595156211
20251006,20,oyster42,Immune PolyIC,21444.79247523687
20251006,20,oyster43,Immune PolyIC,22133.19881987985
20251006,20,oyster44,Immune PolyIC,12524.576278280238
20251006,20,oyster45,Immune PolyIC,24991.913409873607
20251006,20,oyster46,Immune PolyIC,16111.583037245195
20251006,20,oyster47,Immune PolyIC,12735.186297431645
20251006,20,oyster48,Immune PolyIC,25131.218133258273
20251006,20,oyster49,Immune PolyIC,27446.30416571358
20251006,20,oyster50,Immune PolyIC,19688.933038663552
20251006,20,oyster51,Immune PolyIC,22153.31406312893
20251006,20,oyster52,Immune PolyIC,26474.6467237043
20251006,20,oyster53,Immune PolyIC,25098.09009503917
20251006,20,oyster54,Immune PolyIC,20126.041429751527
20251006,20,oyster55,Immune PolyIC,23258.19797432251
20251006,20,oyster56,Immune PolyIC,28235.646518637303
20251006,20,oyster57,Immune PolyIC,14729.223867578487
20251006,20,oyster58,Immune PolyIC,23266.51539155322
20251006,20,oyster60,Immune PolyIC,10122.727400582364
20251006,20,oyster61,Immune PolyIC,20069.115794992413
20251006,20,oyster62,Immune PolyIC,11424.562064296993
20251006,20,oyster63,Immune PolyIC,21595.291705581727
20251006,20,oyster64,Immune PolyIC,22879.79829949138
20251006,20,oyster65,Immune PolyIC,21943.431266885123
20251006,20,oyster66,Immune PolyIC,19954.632137438544
20251006,20,oyster67,Immune PolyIC,17003.24608457301
20251006,20,oyster68,Immune PolyIC,17434.94890490057
20251006,20,oyster69,Immune PolyIC,12155.09692379808
20251006,20,oyster70,Immune PolyIC,13013.921374192587
20251006,20,oyster71,Immune PolyIC,5901.8460218307055
20251006,20,oyster72,Immune PolyIC,16283.880886030653
20251006,20,oyster73,Immune PolyIC,23395.063556593825
20251006,20,oyster74,Immune PolyIC,24109.04344614163
20251006,20,oyster75,Immune PolyIC,23341.067067242428
20251006,20,oyster76,Immune PolyIC,23734.12171119801
20251006,20,oyster77,Immune PolyIC,22260.36426290145
20251006,20,oyster78,Immune PolyIC,25671.45188265316
20251006,20,oyster79,Immune PolyIC,26932.936003169743
20251006,20,oyster80,Immune PolyIC,21020.6819988998
20251006,20,oyster81,Immune PolyIC,16961.59273147195
20251006,20,oyster82,Immune PolyIC,19898.363506072936
20251006,20,oyster83,Immune PolyIC,27853.86697781713
20251006,20,oyster84,Immune PolyIC,13571.539932613381
20251006,20,oyster85,Immune PolyIC,25775.922464465453
20251006,20,oyster86,Immune PolyIC,19745.099210031996
20251006,20,oyster87,Immune PolyIC,24569.41358986647
20251006,20,oyster88,Immune PolyIC,26975.02239822609
20251006,20,oyster89,Immune PolyIC,30391.23859212846
20251006,20,oyster90,Immune PolyIC,25845.550365875217
20251006,20,oyster91,Immune PolyIC,16298.799980930351
20251006,20,oyster92,Immune PolyIC,19790.716518437097
20251006,20,oyster93,Immune PolyIC,12686.277694292505
20251006,20,oyster94,Immune PolyIC,27836.747580759435
20251006,20,oyster95,Immune PolyIC,28029.615584094594
20251006,20,oyster96,Immune PolyIC,20557.86391688063
20251006,20,oyster98,Immune PolyIC,16906.55451212954
20251006,20,oyster99,Immune PolyIC,31035.420246658112
