date,treatment,tank,oyster.id,length.mm,image.name,notes
20241204,control,control1,0,2.5,20241204_control_size.jpeg,example
20241204,control,control1,1,4.41,20241204_control_size.jpeg,
20241204,control,control1,2,4.3,20241204_control_size.jpeg,
20241204,control,control1,3,3.6,20241204_control_size.jpeg,
20241204,control,control1,4,4.23,20241204_control_size.jpeg,
20241204,control,control1,5,3.52,20241204_control_size.jpeg,
20241204,control,control1,6,3.37,20241204_control_size.jpeg,
20241204,control,control1,7,2.49,20241204_control_size.jpeg,
20241204,control,control1,8,2.76,20241204_control_size.jpeg,
20241204,control,control1,9,2.57,20241204_control_size.jpeg,
20241204,control,control1,10,2.76,20241204_control_size.jpeg,
20241204,control,control1,11,3.63,20241204_control_size.jpeg,
20241204,control,control1,12,3.75,20241204_control_size.jpeg,
20241204,control,control1,13,2.21,20241204_control_size.jpeg,
20241204,control,control1,14,2.39,20241204_control_size.jpeg,
20241204,control,control1,15,2.9,20241204_control_size.jpeg,
20241204,control,control1,16,2.81,20241204_control_size.jpeg,
20241204,control,control1,17,3.44,20241204_control_size.jpeg,
20241204,control,control1,18,3.53,20241204_control_size.jpeg,
20241204,control,control1,19,3.06,20241204_control_size.jpeg,
20241204,control,control1,20,4.35,20241204_control_size.jpeg,
20241204,control,control1,21,2.45,20241204_control_size.jpeg,
20241204,control,control1,22,3.45,20241204_control_size.jpeg,
20241204,control,control1,23,3.37,20241204_control_size.jpeg,
20241204,control,control1,24,3.1,20241204_control_size.jpeg,
20241204,control,control1,25,3.52,20241204_control_size.jpeg,
20241204,control,control1,26,2.76,20241204_control_size.jpeg,
20241204,control,control1,27,4.12,20241204_control_size.jpeg,
20241204,control,control1,28,3.58,20241204_control_size.jpeg,
20241204,control,control1,29,3.57,20241204_control_size.jpeg,
20241204,control,control1,30,3.46,20241204_control_size.jpeg,
20241204,control,control1,31,3.1,20241204_control_size.jpeg,
20241204,control,control1,32,3.7,20241204_control_size.jpeg,
20241204,control,control1,33,3.3,20241204_control_size.jpeg,
20241204,control,control1,34,2.71,20241204_control_size.jpeg,
20241204,control,control1,35,2.6,20241204_control_size.jpeg,
20241204,control,control1,36,4.12,20241204_control_size.jpeg,
20241204,control,control1,37,3.53,20241204_control_size.jpeg,
20241204,control,control1,38,2.3,20241204_control_size.jpeg,
20241204,control,control1,39,3.83,20241204_control_size.jpeg,
20241204,control,control1,40,2.81,20241204_control_size.jpeg,
20241204,control,control1,41,3.79,20241204_control_size.jpeg,
20241204,control,control1,42,4.46,20241204_control_size.jpeg,
20241204,control,control1,43,2.19,20241204_control_size.jpeg,
20241204,control,control1,44,3.01,20241204_control_size.jpeg,
20241204,control,control1,45,2.82,20241204_control_size.jpeg,
20241204,control,control1,46,3.24,20241204_control_size.jpeg,
20241204,control,control1,47,3.03,20241204_control_size.jpeg,
20241204,control,control1,48,3.05,20241204_control_size.jpeg,
20241204,control,control1,49,2.49,20241204_control_size.jpeg,
20241204,control,control1,50,2.86,20241204_control_size.jpeg,
20241204,control,control1,51,2.42,20241204_control_size.jpeg,
20241204,control,control1,52,2.76,20241204_control_size.jpeg,
20241204,control,control1,53,2.71,20241204_control_size.jpeg,
20241204,control,control1,54,3.08,20241204_control_size.jpeg,
20241204,control,control1,55,3.29,20241204_control_size.jpeg,
20241204,control,control1,56,3.45,20241204_control_size.jpeg,
20241204,control,control1,57,2.86,20241204_control_size.jpeg,
20241204,control,control1,58,3.36,20241204_control_size.jpeg,
20241204,control,control1,59,3.36,20241204_control_size.jpeg,
20241204,control,control1,60,3.49,20241204_control_size.jpeg,
20241204,control,control1,61,3.07,20241204_control_size.jpeg,
20241204,control,control1,62,2.81,20241204_control_size.jpeg,
20241204,control,control1,63,3.06,20241204_control_size.jpeg,
20241204,control,control1,64,3.16,20241204_control_size.jpeg,
20241204,control,control1,65,3.85,20241204_control_size.jpeg,
20241204,control,control1,66,3.91,20241204_control_size.jpeg,
20241204,control,control1,67,2.92,20241204_control_size.jpeg,
20241204,control,control1,68,3.6,20241204_control_size.jpeg,
20241204,control,control1,69,2.47,20241204_control_size.jpeg,
20241204,control,control1,70,3.16,20241204_control_size.jpeg,
20241204,control,control1,71,2.81,20241204_control_size.jpeg,
20241204,control,control1,72,2.85,20241204_control_size.jpeg,
20241204,control,control1,73,3.53,20241204_control_size.jpeg,
20241204,control,control1,74,2.49,20241204_control_size.jpeg,
20241204,control,control1,75,2.42,20241204_control_size.jpeg,
20241204,control,control1,76,2.67,20241204_control_size.jpeg,
20241204,control,control1,77,3.57,20241204_control_size.jpeg,
20241204,control,control1,78,3.38,20241204_control_size.jpeg,
20241204,control,control1,79,3.23,20241204_control_size.jpeg,
20241204,control,control1,80,3.22,20241204_control_size.jpeg,
20241204,control,control1,81,3.45,20241204_control_size.jpeg,
20241204,control,control1,82,2.49,20241204_control_size.jpeg,
20241204,control,control1,83,2.13,20241204_control_size.jpeg,
20241204,control,control1,84,2.1,20241204_control_size.jpeg,
20241204,control,control1,85,2.84,20241204_control_size.jpeg,
20241204,control,control1,86,3.01,20241204_control_size.jpeg,
20241204,control,control1,87,2.9,20241204_control_size.jpeg,
20241204,control,control1,88,3.03,20241204_control_size.jpeg,
20241204,control,control1,89,3.72,20241204_control_size.jpeg,
20241204,control,control1,90,3.56,20241204_control_size.jpeg,
20241204,control,control1,91,3.85,20241204_control_size.jpeg,
20241204,control,control1,92,3.07,20241204_control_size.jpeg,
20241204,control,control1,93,2.39,20241204_control_size.jpeg,
20241204,control,control1,94,4.2,20241204_control_size.jpeg,
20241204,control,control1,95,2.48,20241204_control_size.jpeg,
20241204,control,control1,96,2.2,20241204_control_size.jpeg,
20241204,control,control1,97,2.92,20241204_control_size.jpeg,
20241204,control,control1,98,2.65,20241204_control_size.jpeg,
20241204,control,control1,99,2.58,20241204_control_size.jpeg,
20241204,control,control1,100,1.84,20241204_control_size.jpeg,
20241204,treatment,treated4,1,3.06,20241204_treated_size.jpeg,
20241204,treatment,treated4,2,2.2,20241204_treated_size.jpeg,
20241204,treatment,treated4,3,2.04,20241204_treated_size.jpeg,
20241204,treatment,treated4,4,2.52,20241204_treated_size.jpeg,
20241204,treatment,treated4,5,4.14,20241204_treated_size.jpeg,
20241204,treatment,treated4,6,2.89,20241204_treated_size.jpeg,
20241204,treatment,treated4,7,3.6,20241204_treated_size.jpeg,
20241204,treatment,treated4,8,3.2,20241204_treated_size.jpeg,
20241204,treatment,treated4,9,2.88,20241204_treated_size.jpeg,
20241204,treatment,treated4,10,2.35,20241204_treated_size.jpeg,
20241204,treatment,treated4,11,2.58,20241204_treated_size.jpeg,
20241204,treatment,treated4,12,2.76,20241204_treated_size.jpeg,
20241204,treatment,treated4,13,2.31,20241204_treated_size.jpeg,
20241204,treatment,treated4,14,2.52,20241204_treated_size.jpeg,
20241204,treatment,treated4,15,2.44,20241204_treated_size.jpeg,
20241204,treatment,treated4,16,3.39,20241204_treated_size.jpeg,
20241204,treatment,treated4,17,2.57,20241204_treated_size.jpeg,
20241204,treatment,treated4,18,3.34,20241204_treated_size.jpeg,
20241204,treatment,treated4,19,3.81,20241204_treated_size.jpeg,
20241204,treatment,treated4,20,2.52,20241204_treated_size.jpeg,
20241204,treatment,treated4,21,2.88,20241204_treated_size.jpeg,
20241204,treatment,treated4,22,2.37,20241204_treated_size.jpeg,
20241204,treatment,treated4,23,2.88,20241204_treated_size.jpeg,
20241204,treatment,treated4,24,3.22,20241204_treated_size.jpeg,
20241204,treatment,treated4,25,2.2,20241204_treated_size.jpeg,
20241204,treatment,treated4,26,2.59,20241204_treated_size.jpeg,
20241204,treatment,treated4,27,2.43,20241204_treated_size.jpeg,
20241204,treatment,treated4,28,3.73,20241204_treated_size.jpeg,
20241204,treatment,treated4,29,3.62,20241204_treated_size.jpeg,
20241204,treatment,treated4,30,3.06,20241204_treated_size.jpeg,
20241204,treatment,treated4,31,2.9,20241204_treated_size.jpeg,
20241204,treatment,treated4,32,2.26,20241204_treated_size.jpeg,
20241204,treatment,treated4,33,2.23,20241204_treated_size.jpeg,
20241204,treatment,treated4,34,2.68,20241204_treated_size.jpeg,
20241204,treatment,treated4,35,2.47,20241204_treated_size.jpeg,
20241204,treatment,treated4,36,2.14,20241204_treated_size.jpeg,
20241204,treatment,treated4,37,2.27,20241204_treated_size.jpeg,
20241204,treatment,treated4,38,3,20241204_treated_size.jpeg,
20241204,treatment,treated4,39,2.8,20241204_treated_size.jpeg,
20241204,treatment,treated4,40,2.81,20241204_treated_size.jpeg,
20241204,treatment,treated4,41,2.76,20241204_treated_size.jpeg,
20241204,treatment,treated4,42,2.65,20241204_treated_size.jpeg,
20241204,treatment,treated4,43,3.6,20241204_treated_size.jpeg,
20241204,treatment,treated4,44,3.46,20241204_treated_size.jpeg,
20241204,treatment,treated4,45,3.97,20241204_treated_size.jpeg,
20241204,treatment,treated4,46,2.72,20241204_treated_size.jpeg,
20241204,treatment,treated4,47,1.92,20241204_treated_size.jpeg,
20241204,treatment,treated4,48,4.08,20241204_treated_size.jpeg,
20241204,treatment,treated4,49,2.54,20241204_treated_size.jpeg,
20241204,treatment,treated4,50,3.76,20241204_treated_size.jpeg,
20241204,treatment,treated4,51,2.68,20241204_treated_size.jpeg,
20241204,treatment,treated4,52,2.03,20241204_treated_size.jpeg,
20241204,treatment,treated4,53,3.26,20241204_treated_size.jpeg,
20241204,treatment,treated4,54,2.31,20241204_treated_size.jpeg,
20241204,treatment,treated4,55,2.43,20241204_treated_size.jpeg,
20241204,treatment,treated4,56,2.52,20241204_treated_size.jpeg,
20241204,treatment,treated4,57,3.39,20241204_treated_size.jpeg,
20241204,treatment,treated4,58,3.02,20241204_treated_size.jpeg,
20241204,treatment,treated4,59,4.41,20241204_treated_size.jpeg,
20241204,treatment,treated4,60,4.14,20241204_treated_size.jpeg,
20241204,treatment,treated4,61,3.49,20241204_treated_size.jpeg,
20241204,treatment,treated4,62,3.75,20241204_treated_size.jpeg,
20241204,treatment,treated4,63,2.31,20241204_treated_size.jpeg,
20241204,treatment,treated4,64,3.63,20241204_treated_size.jpeg,
20241204,treatment,treated4,65,3.09,20241204_treated_size.jpeg,
20241204,treatment,treated4,66,2.72,20241204_treated_size.jpeg,
20241204,treatment,treated4,67,2.54,20241204_treated_size.jpeg,
20241204,treatment,treated4,68,2.76,20241204_treated_size.jpeg,
20241204,treatment,treated4,69,2.5,20241204_treated_size.jpeg,
20241204,treatment,treated4,70,2.88,20241204_treated_size.jpeg,
20241204,treatment,treated4,71,1.37,20241204_treated_size.jpeg,
20241204,treatment,treated4,72,2.52,20241204_treated_size.jpeg,
20241204,treatment,treated4,73,3.26,20241204_treated_size.jpeg,
20241204,treatment,treated4,74,2.9,20241204_treated_size.jpeg,
20241204,treatment,treated4,75,3.33,20241204_treated_size.jpeg,
20241204,treatment,treated4,76,3.26,20241204_treated_size.jpeg,
20241204,treatment,treated4,77,3.07,20241204_treated_size.jpeg,
20241204,treatment,treated4,78,3.43,20241204_treated_size.jpeg,
20241204,treatment,treated4,79,3.39,20241204_treated_size.jpeg,
20241204,treatment,treated4,80,3.43,20241204_treated_size.jpeg,
20241204,treatment,treated4,81,2.9,20241204_treated_size.jpeg,
20241204,treatment,treated4,82,2.71,20241204_treated_size.jpeg,
20241204,treatment,treated4,83,3.86,20241204_treated_size.jpeg,
20241204,treatment,treated4,84,2.76,20241204_treated_size.jpeg,
20241204,treatment,treated4,85,2.3,20241204_treated_size.jpeg,
20241204,treatment,treated4,86,3.15,20241204_treated_size.jpeg,
20241204,treatment,treated4,87,2.27,20241204_treated_size.jpeg,
20241204,treatment,treated4,88,2.82,20241204_treated_size.jpeg,
20241204,treatment,treated4,89,3.93,20241204_treated_size.jpeg,
20241204,treatment,treated4,90,2.04,20241204_treated_size.jpeg,
20241204,treatment,treated4,91,1.67,20241204_treated_size.jpeg,
20241204,treatment,treated4,92,2.07,20241204_treated_size.jpeg,
20241204,treatment,treated4,93,2.5,20241204_treated_size.jpeg,
20241204,treatment,treated4,94,2.96,20241204_treated_size.jpeg,
20241204,treatment,treated4,95,2.05,20241204_treated_size.jpeg,
20241204,treatment,treated4,96,2.76,20241204_treated_size.jpeg,
20241204,treatment,treated4,97,2.72,20241204_treated_size.jpeg,
20241204,treatment,treated4,98,3.05,20241204_treated_size.jpeg,
20241204,treatment,treated4,99,3.12,20241204_treated_size.jpeg,
20241204,treatment,treated4,100,3.05,20241204_treated_size.jpeg,
20250107,control,control1,1,3.62,20250107_control1_size.jpeg ,
20250107,control,control1,2,4.63,20250107_control1_size.jpeg ,
20250107,control,control1,3,3.55,20250107_control1_size.jpeg ,
20250107,control,control1,4,5.35,20250107_control1_size.jpeg ,
20250107,control,control1,5,4.16,20250107_control1_size.jpeg ,
20250107,control,control1,6,4.41,20250107_control1_size.jpeg ,
20250107,control,control1,7,3.59,20250107_control1_size.jpeg ,
20250107,control,control1,8,4.15,20250107_control1_size.jpeg ,
20250107,control,control1,9,3.28,20250107_control1_size.jpeg ,
20250107,control,control1,10,4,20250107_control1_size.jpeg ,
20250107,control,control1,11,4.68,20250107_control1_size.jpeg ,
20250107,control,control1,12,4.14,20250107_control1_size.jpeg ,
20250107,control,control1,13,5.33,20250107_control1_size.jpeg ,
20250107,control,control1,14,4.5,20250107_control1_size.jpeg ,
20250107,control,control1,15,2.51,20250107_control1_size.jpeg ,
20250107,control,control1,16,3.43,20250107_control1_size.jpeg ,
20250107,control,control1,17,4.16,20250107_control1_size.jpeg ,
20250107,control,control1,18,4.34,20250107_control1_size.jpeg ,
20250107,control,control1,19,4.03,20250107_control1_size.jpeg ,
20250107,control,control1,20,3.08,20250107_control1_size.jpeg ,
20250107,control,control1,21,4.49,20250107_control1_size.jpeg ,
20250107,control,control1,22,4.14,20250107_control1_size.jpeg ,
20250107,control,control1,23,3.43,20250107_control1_size.jpeg ,
20250107,control,control1,24,3.94,20250107_control1_size.jpeg ,
20250107,control,control1,25,3.92,20250107_control1_size.jpeg ,
20250107,control,control1,26,4.1,20250107_control1_size.jpeg ,
20250107,control,control1,27,4.16,20250107_control1_size.jpeg ,
20250107,control,control1,28,4.02,20250107_control1_size.jpeg ,
20250107,control,control1,29,3.77,20250107_control1_size.jpeg ,
20250107,control,control1,30,2.73,20250107_control1_size.jpeg ,
20250107,control,control1,31,4.41,20250107_control1_size.jpeg ,
20250107,control,control1,32,4.3,20250107_control1_size.jpeg ,
20250107,control,control1,33,4.47,20250107_control1_size.jpeg ,
20250107,control,control1,34,4.15,20250107_control1_size.jpeg ,
20250107,control,control1,35,2.8,20250107_control1_size.jpeg ,
20250107,control,control1,36,3.72,20250107_control1_size.jpeg ,
20250107,control,control1,37,3.43,20250107_control1_size.jpeg ,
20250107,control,control1,38,3.44,20250107_control1_size.jpeg ,
20250107,control,control1,39,4.72,20250107_control1_size.jpeg ,
20250107,control,control1,40,4.23,20250107_control1_size.jpeg ,
20250107,control,control1,41,4.26,20250107_control1_size.jpeg ,
20250107,control,control1,42,4.08,20250107_control1_size.jpeg ,
20250107,control,control1,43,4.22,20250107_control1_size.jpeg ,
20250107,control,control1,44,4.66,20250107_control1_size.jpeg ,
20250107,control,control1,45,3.41,20250107_control1_size.jpeg ,
20250107,control,control1,46,3.81,20250107_control1_size.jpeg ,
20250107,control,control1,47,3.87,20250107_control1_size.jpeg ,
20250107,control,control1,48,3.08,20250107_control1_size.jpeg ,
20250107,control,control1,49,3.34,20250107_control1_size.jpeg ,
20250107,control,control1,50,4.89,20250107_control1_size.jpeg ,
20250107,control,control1,51,4.02,20250107_control1_size.jpeg ,
20250107,control,control1,52,4.42,20250107_control1_size.jpeg ,
20250107,control,control1,53,3.92,20250107_control1_size.jpeg ,
20250107,control,control1,54,3.93,20250107_control1_size.jpeg ,
20250107,control,control1,55,4.32,20250107_control1_size.jpeg ,
20250107,control,control1,56,3.78,20250107_control1_size.jpeg ,
20250107,control,control1,57,3.44,20250107_control1_size.jpeg ,
20250107,control,control1,58,4.3,20250107_control1_size.jpeg ,
20250107,control,control1,59,5.27,20250107_control1_size.jpeg ,
20250107,control,control1,60,3.77,20250107_control1_size.jpeg ,
20250107,control,control1,61,3.71,20250107_control1_size.jpeg ,
20250107,control,control1,62,3.58,20250107_control1_size.jpeg ,
20250107,control,control1,63,3.35,20250107_control1_size.jpeg ,
20250107,control,control1,64,5.43,20250107_control1_size.jpeg ,
20250107,control,control1,65,4.5,20250107_control1_size.jpeg ,
20250107,control,control1,66,3.98,20250107_control1_size.jpeg ,
20250107,control,control1,67,4.08,20250107_control1_size.jpeg ,
20250107,control,control1,68,3.8,20250107_control1_size.jpeg ,
20250107,control,control1,69,3.07,20250107_control1_size.jpeg ,
20250107,control,control1,70,4.26,20250107_control1_size.jpeg ,
20250107,control,control1,71,4.26,20250107_control1_size.jpeg ,
20250107,control,control1,72,2.81,20250107_control1_size.jpeg ,
20250107,control,control1,73,2.09,20250107_control1_size.jpeg ,
20250107,control,control1,74,2.72,20250107_control1_size.jpeg ,
20250107,control,control1,75,3.18,20250107_control1_size.jpeg ,
20250107,control,control1,76,4.14,20250107_control1_size.jpeg ,
20250107,control,control1,77,3.71,20250107_control1_size.jpeg ,
20250107,control,control1,78,3.89,20250107_control1_size.jpeg ,
20250107,control,control1,79,3.8,20250107_control1_size.jpeg ,
20250107,control,control1,80,2.93,20250107_control1_size.jpeg ,
20250107,control,control1,81,4.39,20250107_control1_size.jpeg ,
20250107,control,control1,82,3.95,20250107_control1_size.jpeg ,
20250107,control,control1,83,3.02,20250107_control1_size.jpeg ,
20250107,control,control1,84,3.78,20250107_control1_size.jpeg ,
20250107,control,control1,85,4.36,20250107_control1_size.jpeg ,
20250107,control,control1,86,2.7,20250107_control1_size.jpeg ,
20250107,control,control1,87,4.73,20250107_control1_size.jpeg ,
20250107,control,control1,88,3.31,20250107_control1_size.jpeg ,
20250107,control,control1,89,4.16,20250107_control1_size.jpeg ,
20250107,control,control1,90,3.88,20250107_control1_size.jpeg ,
20250107,control,control1,91,4.95,20250107_control1_size.jpeg ,
20250107,control,control1,92,5,20250107_control1_size.jpeg ,
20250107,control,control1,93,4.52,20250107_control1_size.jpeg ,
20250107,control,control1,94,5.42,20250107_control1_size.jpeg ,
20250107,control,control1,95,5.26,20250107_control1_size.jpeg ,
20250107,control,control1,96,5.42,20250107_control1_size.jpeg ,
20250107,control,control1,97,4.81,20250107_control1_size.jpeg ,
20250107,control,control1,98,4.73,20250107_control1_size.jpeg ,
20250107,control,control1,99,4.93,20250107_control1_size.jpeg ,
20250107,control,control1,100,2.51,20250107_control1_size.jpeg ,
20250107,control,control2,1,4.48,20250107_control2_size.jpeg,
20250107,control,control2,2,3.9,20250107_control2_size.jpeg,
20250107,control,control2,3,4.94,20250107_control2_size.jpeg,
20250107,control,control2,4,4.07,20250107_control2_size.jpeg,
20250107,control,control2,5,3.63,20250107_control2_size.jpeg,
20250107,control,control2,6,4.86,20250107_control2_size.jpeg,
20250107,control,control2,7,4.57,20250107_control2_size.jpeg,
20250107,control,control2,8,4.98,20250107_control2_size.jpeg,
20250107,control,control2,9,4.73,20250107_control2_size.jpeg,
20250107,control,control2,10,3.84,20250107_control2_size.jpeg,
20250107,control,control2,11,5.31,20250107_control2_size.jpeg,
20250107,control,control2,12,4.73,20250107_control2_size.jpeg,
20250107,control,control2,13,4.88,20250107_control2_size.jpeg,
20250107,control,control2,14,5.31,20250107_control2_size.jpeg,
20250107,control,control2,15,5.25,20250107_control2_size.jpeg,
20250107,control,control2,16,4.58,20250107_control2_size.jpeg,
20250107,control,control2,17,4.71,20250107_control2_size.jpeg,
20250107,control,control2,18,4.77,20250107_control2_size.jpeg,
20250107,control,control2,19,4.69,20250107_control2_size.jpeg,
20250107,control,control2,20,4.12,20250107_control2_size.jpeg,
20250107,control,control2,21,4.82,20250107_control2_size.jpeg,
20250107,control,control2,22,4.46,20250107_control2_size.jpeg,
20250107,control,control2,23,4.98,20250107_control2_size.jpeg,
20250107,control,control2,24,6.76,20250107_control2_size.jpeg,
20250107,control,control2,25,4.28,20250107_control2_size.jpeg,
20250107,control,control2,26,3.32,20250107_control2_size.jpeg,
20250107,control,control2,27,3.7,20250107_control2_size.jpeg,
20250107,control,control2,28,4.74,20250107_control2_size.jpeg,
20250107,control,control2,29,5.57,20250107_control2_size.jpeg,
20250107,control,control2,30,3.71,20250107_control2_size.jpeg,
20250107,control,control2,31,5.46,20250107_control2_size.jpeg,
20250107,control,control2,32,5.66,20250107_control2_size.jpeg,
20250107,control,control2,33,4.51,20250107_control2_size.jpeg,
20250107,control,control2,34,4.2,20250107_control2_size.jpeg,
20250107,control,control2,35,4.18,20250107_control2_size.jpeg,
20250107,control,control2,36,4.37,20250107_control2_size.jpeg,
20250107,control,control2,37,4.7,20250107_control2_size.jpeg,
20250107,control,control2,38,5.09,20250107_control2_size.jpeg,
20250107,control,control2,39,4.96,20250107_control2_size.jpeg,
20250107,control,control2,40,4.11,20250107_control2_size.jpeg,
20250107,control,control2,41,5.06,20250107_control2_size.jpeg,
20250107,control,control2,42,4.37,20250107_control2_size.jpeg,
20250107,control,control2,43,4.65,20250107_control2_size.jpeg,
20250107,control,control2,44,5.24,20250107_control2_size.jpeg,
20250107,control,control2,45,6.1,20250107_control2_size.jpeg,
20250107,control,control2,46,4.33,20250107_control2_size.jpeg,
20250107,control,control2,47,4.98,20250107_control2_size.jpeg,
20250107,control,control2,48,5.21,20250107_control2_size.jpeg,
20250107,control,control2,49,4.57,20250107_control2_size.jpeg,
20250107,control,control2,50,4.89,20250107_control2_size.jpeg,
20250107,control,control2,51,5.45,20250107_control2_size.jpeg,
20250107,control,control2,52,5.38,20250107_control2_size.jpeg,
20250107,control,control2,53,5.48,20250107_control2_size.jpeg,
20250107,control,control2,54,4.92,20250107_control2_size.jpeg,
20250107,control,control2,55,5.08,20250107_control2_size.jpeg,
20250107,control,control2,56,4.75,20250107_control2_size.jpeg,
20250107,control,control2,57,5.58,20250107_control2_size.jpeg,
20250107,control,control2,58,4.92,20250107_control2_size.jpeg,
20250107,control,control2,59,5.32,20250107_control2_size.jpeg,
20250107,control,control2,60,4.49,20250107_control2_size.jpeg,
20250107,control,control2,61,5.2,20250107_control2_size.jpeg,
20250107,control,control2,62,5.24,20250107_control2_size.jpeg,
20250107,control,control2,63,4.96,20250107_control2_size.jpeg,
20250107,control,control2,64,5.04,20250107_control2_size.jpeg,
20250107,control,control2,65,3.37,20250107_control2_size.jpeg,
20250107,control,control2,66,5.51,20250107_control2_size.jpeg,
20250107,control,control2,67,5.6,20250107_control2_size.jpeg,
20250107,control,control2,68,5.33,20250107_control2_size.jpeg,
20250107,control,control2,69,4.58,20250107_control2_size.jpeg,
20250107,control,control2,70,4.09,20250107_control2_size.jpeg,
20250107,control,control2,71,4.59,20250107_control2_size.jpeg,
20250107,control,control2,72,4.72,20250107_control2_size.jpeg,
20250107,control,control2,73,5.47,20250107_control2_size.jpeg,
20250107,control,control2,74,5.24,20250107_control2_size.jpeg,
20250107,control,control2,75,6.57,20250107_control2_size.jpeg,
20250107,control,control2,76,4.61,20250107_control2_size.jpeg,
20250107,control,control2,77,4.34,20250107_control2_size.jpeg,
20250107,control,control2,78,4.46,20250107_control2_size.jpeg,
20250107,control,control2,79,5.06,20250107_control2_size.jpeg,
20250107,control,control2,80,4.49,20250107_control2_size.jpeg,
20250107,control,control2,81,4.57,20250107_control2_size.jpeg,
20250107,control,control2,82,5.3,20250107_control2_size.jpeg,
20250107,control,control2,83,4.07,20250107_control2_size.jpeg,
20250107,control,control2,84,5.25,20250107_control2_size.jpeg,
20250107,control,control2,85,4.95,20250107_control2_size.jpeg,
20250107,control,control2,86,5.56,20250107_control2_size.jpeg,
20250107,control,control2,87,5.94,20250107_control2_size.jpeg,
20250107,control,control2,88,5.57,20250107_control2_size.jpeg,
20250107,control,control2,89,4.58,20250107_control2_size.jpeg,
20250107,control,control2,90,3.77,20250107_control2_size.jpeg,
20250107,control,control2,91,5.12,20250107_control2_size.jpeg,
20250107,control,control2,92,6.37,20250107_control2_size.jpeg,
20250107,control,control2,93,4.54,20250107_control2_size.jpeg,
20250107,control,control2,94,5.68,20250107_control2_size.jpeg,
20250107,control,control2,95,4.69,20250107_control2_size.jpeg,
20250107,control,control2,96,5.18,20250107_control2_size.jpeg,
20250107,control,control2,97,3.95,20250107_control2_size.jpeg,
20250107,control,control2,98,5.94,20250107_control2_size.jpeg,
20250107,control,control2,99,5.06,20250107_control2_size.jpeg,
20250107,control,control2,100,5.19,20250107_control2_size.jpeg,
20250107,treatment ,treated4,1,4.78,20250107_treated4_size.jpeg,
20250107,treatment ,treated4,2,4.1,20250107_treated4_size.jpeg,
20250107,treatment ,treated4,3,5.48,20250107_treated4_size.jpeg,
20250107,treatment ,treated4,4,4.79,20250107_treated4_size.jpeg,
20250107,treatment ,treated4,5,4.3,20250107_treated4_size.jpeg,
20250107,treatment ,treated4,6,3.91,20250107_treated4_size.jpeg,
20250107,treatment ,treated4,7,4.24,20250107_treated4_size.jpeg,
20250107,treatment ,treated4,8,4.46,20250107_treated4_size.jpeg,
20250107,treatment ,treated4,9,4.05,20250107_treated4_size.jpeg,
20250107,treatment ,treated4,10,3.27,20250107_treated4_size.jpeg,
20250107,treatment ,treated4,11,4.18,20250107_treated4_size.jpeg,
20250107,treatment ,treated4,12,4.37,20250107_treated4_size.jpeg,
20250107,treatment ,treated4,13,4.64,20250107_treated4_size.jpeg,
20250107,treatment ,treated4,14,3.66,20250107_treated4_size.jpeg,
20250107,treatment ,treated4,15,4.67,20250107_treated4_size.jpeg,
20250107,treatment ,treated4,16,4.89,20250107_treated4_size.jpeg,
20250107,treatment ,treated4,17,4.64,20250107_treated4_size.jpeg,
20250107,treatment ,treated4,18,3.65,20250107_treated4_size.jpeg,
20250107,treatment ,treated4,19,4.1,20250107_treated4_size.jpeg,
20250107,treatment ,treated4,20,3.85,20250107_treated4_size.jpeg,
20250107,treatment ,treated4,21,4.49,20250107_treated4_size.jpeg,
20250107,treatment ,treated4,22,3.45,20250107_treated4_size.jpeg,
20250107,treatment ,treated4,23,3.03,20250107_treated4_size.jpeg,
20250107,treatment ,treated4,24,3.91,20250107_treated4_size.jpeg,
20250107,treatment ,treated4,25,5.15,20250107_treated4_size.jpeg,
20250107,treatment ,treated4,26,4.34,20250107_treated4_size.jpeg,
20250107,treatment ,treated4,27,3.98,20250107_treated4_size.jpeg,
20250107,treatment ,treated4,28,2.72,20250107_treated4_size.jpeg,
20250107,treatment ,treated4,29,4.46,20250107_treated4_size.jpeg,
20250107,treatment ,treated4,30,3.88,20250107_treated4_size.jpeg,
20250107,treatment ,treated4,31,4.65,20250107_treated4_size.jpeg,
20250107,treatment ,treated4,32,3.88,20250107_treated4_size.jpeg,
20250107,treatment ,treated4,33,4.3,20250107_treated4_size.jpeg,
20250107,treatment ,treated4,34,3.98,20250107_treated4_size.jpeg,
20250107,treatment ,treated4,35,5.25,20250107_treated4_size.jpeg,
20250107,treatment ,treated4,36,3.76,20250107_treated4_size.jpeg,
20250107,treatment ,treated4,37,3.9,20250107_treated4_size.jpeg,
20250107,treatment ,treated4,38,4.71,20250107_treated4_size.jpeg,
20250107,treatment ,treated4,39,4.59,20250107_treated4_size.jpeg,
20250107,treatment ,treated4,40,4.75,20250107_treated4_size.jpeg,
20250107,treatment ,treated4,41,3.91,20250107_treated4_size.jpeg,
20250107,treatment ,treated4,42,4.84,20250107_treated4_size.jpeg,
20250107,treatment ,treated4,43,5.54,20250107_treated4_size.jpeg,
20250107,treatment ,treated4,44,3.73,20250107_treated4_size.jpeg,
20250107,treatment ,treated4,45,4,20250107_treated4_size.jpeg,
20250107,treatment ,treated4,46,3.18,20250107_treated4_size.jpeg,
20250107,treatment ,treated4,47,3.23,20250107_treated4_size.jpeg,
20250107,treatment ,treated4,48,3.68,20250107_treated4_size.jpeg,
20250107,treatment ,treated4,49,4.97,20250107_treated4_size.jpeg,
20250107,treatment ,treated4,50,3.21,20250107_treated4_size.jpeg,
20250107,treatment ,treated4,51,3.98,20250107_treated4_size.jpeg,
20250107,treatment ,treated4,52,3.97,20250107_treated4_size.jpeg,
20250107,treatment ,treated4,53,4.39,20250107_treated4_size.jpeg,
20250107,treatment ,treated4,54,5.1,20250107_treated4_size.jpeg,
20250107,treatment ,treated4,55,3.88,20250107_treated4_size.jpeg,
20250107,treatment ,treated4,56,3.47,20250107_treated4_size.jpeg,
20250107,treatment ,treated4,57,4.15,20250107_treated4_size.jpeg,
20250107,treatment ,treated4,58,3.7,20250107_treated4_size.jpeg,
20250107,treatment ,treated4,59,3.88,20250107_treated4_size.jpeg,
20250107,treatment ,treated4,60,3.88,20250107_treated4_size.jpeg,
20250107,treatment ,treated4,61,4.43,20250107_treated4_size.jpeg,
20250107,treatment ,treated4,62,3.5,20250107_treated4_size.jpeg,
20250107,treatment ,treated4,63,4.03,20250107_treated4_size.jpeg,
20250107,treatment ,treated4,64,3.92,20250107_treated4_size.jpeg,
20250107,treatment ,treated4,65,3.5,20250107_treated4_size.jpeg,
20250107,treatment ,treated4,66,3.66,20250107_treated4_size.jpeg,
20250107,treatment ,treated4,67,4.69,20250107_treated4_size.jpeg,
20250107,treatment ,treated4,68,3.9,20250107_treated4_size.jpeg,
20250107,treatment ,treated4,69,3.44,20250107_treated4_size.jpeg,
20250107,treatment ,treated4,70,3.98,20250107_treated4_size.jpeg,
20250107,treatment ,treated4,71,3.19,20250107_treated4_size.jpeg,
20250107,treatment ,treated4,72,4.86,20250107_treated4_size.jpeg,
20250107,treatment ,treated4,73,4.03,20250107_treated4_size.jpeg,
20250107,treatment ,treated4,74,4.81,20250107_treated4_size.jpeg,
20250107,treatment ,treated4,75,4.79,20250107_treated4_size.jpeg,
20250107,treatment ,treated4,76,2.97,20250107_treated4_size.jpeg,
20250107,treatment ,treated4,77,4.34,20250107_treated4_size.jpeg,
20250107,treatment ,treated4,78,3.66,20250107_treated4_size.jpeg,
20250107,treatment ,treated4,79,4.12,20250107_treated4_size.jpeg,
20250107,treatment ,treated4,80,4.19,20250107_treated4_size.jpeg,
20250107,treatment ,treated4,81,4.74,20250107_treated4_size.jpeg,
20250107,treatment ,treated4,82,3.94,20250107_treated4_size.jpeg,
20250107,treatment ,treated4,83,5.02,20250107_treated4_size.jpeg,
20250107,treatment ,treated4,84,5.06,20250107_treated4_size.jpeg,
20250107,treatment ,treated4,85,4.06,20250107_treated4_size.jpeg,
20250107,treatment ,treated4,86,3.85,20250107_treated4_size.jpeg,
20250107,treatment ,treated4,87,4.04,20250107_treated4_size.jpeg,
20250107,treatment ,treated4,88,3.56,20250107_treated4_size.jpeg,
20250107,treatment ,treated4,89,3.36,20250107_treated4_size.jpeg,
20250107,treatment ,treated4,90,4.72,20250107_treated4_size.jpeg,
20250107,treatment ,treated4,91,4.63,20250107_treated4_size.jpeg,
20250107,treatment ,treated4,92,4.64,20250107_treated4_size.jpeg,
20250107,treatment ,treated4,93,4.18,20250107_treated4_size.jpeg,
20250107,treatment ,treated4,94,4.41,20250107_treated4_size.jpeg,
20250107,treatment ,treated4,95,4.48,20250107_treated4_size.jpeg,
20250107,treatment ,treated4,96,4.52,20250107_treated4_size.jpeg,
20250107,treatment ,treated4,97,4.64,20250107_treated4_size.jpeg,
20250107,treatment ,treated4,98,4.48,20250107_treated4_size.jpeg,
20250107,treatment ,treated4,99,4.65,20250107_treated4_size.jpeg,
20250107,treatment ,treated4,100,3.94,20250107_treated4_size.jpeg,
20250107,treatment ,treated5,1,2.86,20250107_treated5_size.jpeg,
20250107,treatment ,treated5,2,2.38,20250107_treated5_size.jpeg,
20250107,treatment ,treated5,3,3.2,20250107_treated5_size.jpeg,
20250107,treatment ,treated5,4,4.02,20250107_treated5_size.jpeg,
20250107,treatment ,treated5,5,3.13,20250107_treated5_size.jpeg,
20250107,treatment ,treated5,6,3.12,20250107_treated5_size.jpeg,
20250107,treatment ,treated5,7,3.55,20250107_treated5_size.jpeg,
20250107,treatment ,treated5,8,3.35,20250107_treated5_size.jpeg,
20250107,treatment ,treated5,9,3.55,20250107_treated5_size.jpeg,
20250107,treatment ,treated5,10,3.08,20250107_treated5_size.jpeg,
20250107,treatment ,treated5,11,3.26,20250107_treated5_size.jpeg,
20250107,treatment ,treated5,12,3.57,20250107_treated5_size.jpeg,
20250107,treatment ,treated5,13,3.45,20250107_treated5_size.jpeg,
20250107,treatment ,treated5,14,3.19,20250107_treated5_size.jpeg,
20250107,treatment ,treated5,15,2.35,20250107_treated5_size.jpeg,
20250107,treatment ,treated5,16,2.93,20250107_treated5_size.jpeg,
20250107,treatment ,treated5,17,2.92,20250107_treated5_size.jpeg,
20250107,treatment ,treated5,18,3.72,20250107_treated5_size.jpeg,
20250107,treatment ,treated5,19,3.6,20250107_treated5_size.jpeg,
20250107,treatment ,treated5,20,4.07,20250107_treated5_size.jpeg,
20250107,treatment ,treated5,21,3.45,20250107_treated5_size.jpeg,
20250107,treatment ,treated5,22,4.07,20250107_treated5_size.jpeg,
20250107,treatment ,treated5,23,4.46,20250107_treated5_size.jpeg,
20250107,treatment ,treated5,24,3.33,20250107_treated5_size.jpeg,
20250107,treatment ,treated5,25,3.87,20250107_treated5_size.jpeg,
20250107,treatment ,treated5,26,3.72,20250107_treated5_size.jpeg,
20250107,treatment ,treated5,27,2.97,20250107_treated5_size.jpeg,
20250107,treatment ,treated5,28,2.5,20250107_treated5_size.jpeg,
20250107,treatment ,treated5,29,3.78,20250107_treated5_size.jpeg,
20250107,treatment ,treated5,30,3.57,20250107_treated5_size.jpeg,
20250107,treatment ,treated5,31,2.92,20250107_treated5_size.jpeg,
20250107,treatment ,treated5,32,3.59,20250107_treated5_size.jpeg,
20250107,treatment ,treated5,33,2.73,20250107_treated5_size.jpeg,
20250107,treatment ,treated5,34,4.02,20250107_treated5_size.jpeg,
20250107,treatment ,treated5,35,4.35,20250107_treated5_size.jpeg,
20250107,treatment ,treated5,36,3.48,20250107_treated5_size.jpeg,
20250107,treatment ,treated5,37,3.62,20250107_treated5_size.jpeg,
20250107,treatment ,treated5,38,4.26,20250107_treated5_size.jpeg,
20250107,treatment ,treated5,39,3.02,20250107_treated5_size.jpeg,
20250107,treatment ,treated5,40,3.37,20250107_treated5_size.jpeg,
20250107,treatment ,treated5,41,3.79,20250107_treated5_size.jpeg,
20250107,treatment ,treated5,42,3.83,20250107_treated5_size.jpeg,
20250107,treatment ,treated5,43,3.98,20250107_treated5_size.jpeg,
20250107,treatment ,treated5,44,4.23,20250107_treated5_size.jpeg,
20250107,treatment ,treated5,45,3.67,20250107_treated5_size.jpeg,
20250107,treatment ,treated5,46,3.6,20250107_treated5_size.jpeg,
20250107,treatment ,treated5,47,3.46,20250107_treated5_size.jpeg,
20250107,treatment ,treated5,48,4.29,20250107_treated5_size.jpeg,
20250107,treatment ,treated5,49,3.67,20250107_treated5_size.jpeg,
20250107,treatment ,treated5,50,2.66,20250107_treated5_size.jpeg,
20250107,treatment ,treated5,51,3.51,20250107_treated5_size.jpeg,
20250107,treatment ,treated5,52,2.97,20250107_treated5_size.jpeg,
20250107,treatment ,treated5,53,3.22,20250107_treated5_size.jpeg,
20250107,treatment ,treated5,54,4.15,20250107_treated5_size.jpeg,
20250107,treatment ,treated5,55,4.12,20250107_treated5_size.jpeg,
20250107,treatment ,treated5,56,3.91,20250107_treated5_size.jpeg,
20250107,treatment ,treated5,57,3.56,20250107_treated5_size.jpeg,
20250107,treatment ,treated5,58,3.94,20250107_treated5_size.jpeg,
20250107,treatment ,treated5,59,3.37,20250107_treated5_size.jpeg,
20250107,treatment ,treated5,60,4.13,20250107_treated5_size.jpeg,
20250107,treatment ,treated5,61,3.94,20250107_treated5_size.jpeg,
20250107,treatment ,treated5,62,2.93,20250107_treated5_size.jpeg,
20250107,treatment ,treated5,63,4.31,20250107_treated5_size.jpeg,
20250107,treatment ,treated5,64,4.08,20250107_treated5_size.jpeg,
20250107,treatment ,treated5,65,3.15,20250107_treated5_size.jpeg,
20250107,treatment ,treated5,66,3.44,20250107_treated5_size.jpeg,
20250107,treatment ,treated5,67,3.44,20250107_treated5_size.jpeg,
20250107,treatment ,treated5,68,4.27,20250107_treated5_size.jpeg,
20250107,treatment ,treated5,69,3.84,20250107_treated5_size.jpeg,
20250107,treatment ,treated5,70,3.32,20250107_treated5_size.jpeg,
20250107,treatment ,treated5,71,3.93,20250107_treated5_size.jpeg,
20250107,treatment ,treated5,72,3.78,20250107_treated5_size.jpeg,
20250107,treatment ,treated5,73,3.64,20250107_treated5_size.jpeg,
20250107,treatment ,treated5,74,3.61,20250107_treated5_size.jpeg,
20250107,treatment ,treated5,75,2.99,20250107_treated5_size.jpeg,
20250107,treatment ,treated5,76,3.74,20250107_treated5_size.jpeg,
20250107,treatment ,treated5,77,4.14,20250107_treated5_size.jpeg,
20250107,treatment ,treated5,78,3.14,20250107_treated5_size.jpeg,
20250107,treatment ,treated5,79,3.17,20250107_treated5_size.jpeg,
20250107,treatment ,treated5,80,3.62,20250107_treated5_size.jpeg,
20250107,treatment ,treated5,81,3.46,20250107_treated5_size.jpeg,
20250107,treatment ,treated5,82,4.5,20250107_treated5_size.jpeg,
20250107,treatment ,treated5,83,4.03,20250107_treated5_size.jpeg,
20250107,treatment ,treated5,84,3.82,20250107_treated5_size.jpeg,
20250107,treatment ,treated5,85,3.76,20250107_treated5_size.jpeg,
20250107,treatment ,treated5,86,4,20250107_treated5_size.jpeg,
20250107,treatment ,treated5,87,4.66,20250107_treated5_size.jpeg,
20250107,treatment ,treated5,88,4.47,20250107_treated5_size.jpeg,
20250107,treatment ,treated5,89,4.04,20250107_treated5_size.jpeg,
20250107,treatment ,treated5,90,3.32,20250107_treated5_size.jpeg,
20250107,treatment ,treated5,91,2.86,20250107_treated5_size.jpeg,
20250107,treatment ,treated5,92,3.34,20250107_treated5_size.jpeg,
20250107,treatment ,treated5,93,4.3,20250107_treated5_size.jpeg,
20250107,treatment ,treated5,94,3.25,20250107_treated5_size.jpeg,
20250107,treatment ,treated5,95,4.13,20250107_treated5_size.jpeg,
20250107,treatment ,treated5,96,3.68,20250107_treated5_size.jpeg,
20250107,treatment ,treated5,97,3.63,20250107_treated5_size.jpeg,
20250107,treatment ,treated5,98,3.26,20250107_treated5_size.jpeg,
20250107,treatment ,treated5,99,3.79,20250107_treated5_size.jpeg,
20250107,treatment ,treated5,100,4.42,20250107_treated5_size.jpeg,
20250206,control ,control1,1,4.89,20250206_control1_size.jpeg,
20250206,control ,control1,2,4.42,20250206_control1_size.jpeg,
20250206,control ,control1,3,4.84,20250206_control1_size.jpeg,
20250206,control ,control1,4,5.82,20250206_control1_size.jpeg,
20250206,control ,control1,5,4.96,20250206_control1_size.jpeg,
20250206,control ,control1,6,6.78,20250206_control1_size.jpeg,
20250206,control ,control1,7,5.08,20250206_control1_size.jpeg,
20250206,control ,control1,8,5.57,20250206_control1_size.jpeg,
20250206,control ,control1,9,4.26,20250206_control1_size.jpeg,
20250206,control ,control1,10,3.57,20250206_control1_size.jpeg,
20250206,control ,control1,11,4.79,20250206_control1_size.jpeg,
20250206,control ,control1,12,4.72,20250206_control1_size.jpeg,
20250206,control ,control1,13,4.94,20250206_control1_size.jpeg,
20250206,control ,control1,14,4.94,20250206_control1_size.jpeg,
20250206,control ,control1,15,4.19,20250206_control1_size.jpeg,
20250206,control ,control1,16,4.94,20250206_control1_size.jpeg,
20250206,control ,control1,17,4.82,20250206_control1_size.jpeg,
20250206,control ,control1,18,5.06,20250206_control1_size.jpeg,
20250206,control ,control1,19,4.74,20250206_control1_size.jpeg,
20250206,control ,control1,20,5.98,20250206_control1_size.jpeg,
20250206,control ,control1,21,3.97,20250206_control1_size.jpeg,
20250206,control ,control1,22,4.78,20250206_control1_size.jpeg,
20250206,control ,control1,23,5.24,20250206_control1_size.jpeg,
20250206,control ,control1,24,3.96,20250206_control1_size.jpeg,
20250206,control ,control1,25,4.25,20250206_control1_size.jpeg,
20250206,control ,control1,26,2.83,20250206_control1_size.jpeg,
20250206,control ,control1,27,5.5,20250206_control1_size.jpeg,
20250206,control ,control1,28,6.23,20250206_control1_size.jpeg,
20250206,control ,control1,29,5.37,20250206_control1_size.jpeg,
20250206,control ,control1,30,5.74,20250206_control1_size.jpeg,
20250206,control ,control1,31,4.5,20250206_control1_size.jpeg,
20250206,control ,control1,32,4.31,20250206_control1_size.jpeg,
20250206,control ,control1,33,5.33,20250206_control1_size.jpeg,
20250206,control ,control1,34,4.35,20250206_control1_size.jpeg,
20250206,control ,control1,35,5.44,20250206_control1_size.jpeg,
20250206,control ,control1,36,5.65,20250206_control1_size.jpeg,
20250206,control ,control1,37,5.65,20250206_control1_size.jpeg,
20250206,control ,control1,38,6.38,20250206_control1_size.jpeg,
20250206,control ,control1,39,5.41,20250206_control1_size.jpeg,
20250206,control ,control1,40,5.48,20250206_control1_size.jpeg,
20250206,control ,control1,41,3.6,20250206_control1_size.jpeg,
20250206,control ,control1,42,5.98,20250206_control1_size.jpeg,
20250206,control ,control1,43,6.66,20250206_control1_size.jpeg,
20250206,control ,control1,44,4.31,20250206_control1_size.jpeg,
20250206,control ,control1,45,4,20250206_control1_size.jpeg,
20250206,control ,control1,46,4.84,20250206_control1_size.jpeg,
20250206,control ,control1,47,5.84,20250206_control1_size.jpeg,
20250206,control ,control1,48,4.47,20250206_control1_size.jpeg,
20250206,control ,control1,49,5.09,20250206_control1_size.jpeg,
20250206,control ,control1,50,7.55,20250206_control1_size.jpeg,
20250206,control ,control1,51,3.87,20250206_control1_size.jpeg,
20250206,control ,control1,52,4.63,20250206_control1_size.jpeg,
20250206,control ,control1,53,5.6,20250206_control1_size.jpeg,
20250206,control ,control1,54,6.79,20250206_control1_size.jpeg,
20250206,control ,control1,55,4.53,20250206_control1_size.jpeg,
20250206,control ,control1,56,4.63,20250206_control1_size.jpeg,
20250206,control ,control1,57,4.88,20250206_control1_size.jpeg,
20250206,control ,control1,58,4.08,20250206_control1_size.jpeg,
20250206,control ,control1,59,5.44,20250206_control1_size.jpeg,
20250206,control ,control1,60,4.49,20250206_control1_size.jpeg,
20250206,control ,control1,61,5.52,20250206_control1_size.jpeg,
20250206,control ,control1,62,3.84,20250206_control1_size.jpeg,
20250206,control ,control1,63,4.67,20250206_control1_size.jpeg,
20250206,control ,control1,64,5.17,20250206_control1_size.jpeg,
20250206,control ,control1,65,3.64,20250206_control1_size.jpeg,
20250206,control ,control1,66,5.02,20250206_control1_size.jpeg,
20250206,control ,control1,67,4.47,20250206_control1_size.jpeg,
20250206,control ,control1,68,5.35,20250206_control1_size.jpeg,
20250206,control ,control1,69,4.76,20250206_control1_size.jpeg,
20250206,control ,control1,70,4.67,20250206_control1_size.jpeg,
20250206,control ,control1,71,7.47,20250206_control1_size.jpeg,
20250206,control ,control1,72,5.05,20250206_control1_size.jpeg,
20250206,control ,control1,73,5.64,20250206_control1_size.jpeg,
20250206,control ,control1,74,6.21,20250206_control1_size.jpeg,
20250206,control ,control1,75,4.74,20250206_control1_size.jpeg,
20250206,control ,control1,76,5.06,20250206_control1_size.jpeg,
20250206,control ,control1,77,5.23,20250206_control1_size.jpeg,
20250206,control ,control1,78,4,20250206_control1_size.jpeg,
20250206,control ,control1,79,6.34,20250206_control1_size.jpeg,
20250206,control ,control1,80,5.65,20250206_control1_size.jpeg,
20250206,control ,control1,81,6.8,20250206_control1_size.jpeg,
20250206,control ,control1,82,4.95,20250206_control1_size.jpeg,
20250206,control ,control1,83,5.22,20250206_control1_size.jpeg,
20250206,control ,control1,84,5.45,20250206_control1_size.jpeg,
20250206,control ,control1,85,6.58,20250206_control1_size.jpeg,
20250206,control ,control1,86,4.63,20250206_control1_size.jpeg,
20250206,control ,control1,87,6.27,20250206_control1_size.jpeg,
20250206,control ,control1,88,3.86,20250206_control1_size.jpeg,
20250206,control ,control1,89,3.72,20250206_control1_size.jpeg,
20250206,control ,control1,90,4.91,20250206_control1_size.jpeg,
20250206,control ,control1,91,5.13,20250206_control1_size.jpeg,
20250206,control ,control1,92,4.31,20250206_control1_size.jpeg,
20250206,control ,control1,93,4.21,20250206_control1_size.jpeg,
20250206,control ,control1,94,4.52,20250206_control1_size.jpeg,
20250206,control ,control1,95,4.97,20250206_control1_size.jpeg,
20250206,control ,control1,96,5.27,20250206_control1_size.jpeg,
20250206,control ,control1,97,4.32,20250206_control1_size.jpeg,
20250206,control ,control1,98,6.35,20250206_control1_size.jpeg,
20250206,control ,control1,99,5.92,20250206_control1_size.jpeg,
20250206,control ,control1,100,4.32,20250206_control1_size.jpeg,
20250206,control ,control2,1,7.42,20250206_control2_size.jpeg,
20250206,control ,control2,2,5.67,20250206_control2_size.jpeg,
20250206,control ,control2,3,5.03,20250206_control2_size.jpeg,
20250206,control ,control2,4,4.17,20250206_control2_size.jpeg,
20250206,control ,control2,5,4.91,20250206_control2_size.jpeg,
20250206,control ,control2,6,6.16,20250206_control2_size.jpeg,
20250206,control ,control2,7,4.2,20250206_control2_size.jpeg,
20250206,control ,control2,8,5.18,20250206_control2_size.jpeg,
20250206,control ,control2,9,5.76,20250206_control2_size.jpeg,
20250206,control ,control2,10,5.32,20250206_control2_size.jpeg,
20250206,control ,control2,11,5.95,20250206_control2_size.jpeg,
20250206,control ,control2,12,4.35,20250206_control2_size.jpeg,
20250206,control ,control2,13,5.92,20250206_control2_size.jpeg,
20250206,control ,control2,14,4.52,20250206_control2_size.jpeg,
20250206,control ,control2,15,4.35,20250206_control2_size.jpeg,
20250206,control ,control2,16,6.45,20250206_control2_size.jpeg,
20250206,control ,control2,17,4.58,20250206_control2_size.jpeg,
20250206,control ,control2,18,5.89,20250206_control2_size.jpeg,
20250206,control ,control2,19,4.61,20250206_control2_size.jpeg,
20250206,control ,control2,20,4.52,20250206_control2_size.jpeg,
20250206,control ,control2,21,4.04,20250206_control2_size.jpeg,
20250206,control ,control2,22,5.47,20250206_control2_size.jpeg,
20250206,control ,control2,23,5.62,20250206_control2_size.jpeg,
20250206,control ,control2,24,6.06,20250206_control2_size.jpeg,
20250206,control ,control2,25,4.52,20250206_control2_size.jpeg,
20250206,control ,control2,26,5.25,20250206_control2_size.jpeg,
20250206,control ,control2,27,5.25,20250206_control2_size.jpeg,
20250206,control ,control2,28,5.61,20250206_control2_size.jpeg,
20250206,control ,control2,29,4.06,20250206_control2_size.jpeg,
20250206,control ,control2,30,5.52,20250206_control2_size.jpeg,
20250206,control ,control2,31,5.91,20250206_control2_size.jpeg,
20250206,control ,control2,32,4.37,20250206_control2_size.jpeg,
20250206,control ,control2,33,5.2,20250206_control2_size.jpeg,
20250206,control ,control2,34,4.35,20250206_control2_size.jpeg,
20250206,control ,control2,35,4.45,20250206_control2_size.jpeg,
20250206,control ,control2,36,4.16,20250206_control2_size.jpeg,
20250206,control ,control2,37,5.32,20250206_control2_size.jpeg,
20250206,control ,control2,38,7.06,20250206_control2_size.jpeg,
20250206,control ,control2,39,4.8,20250206_control2_size.jpeg,
20250206,control ,control2,40,3.96,20250206_control2_size.jpeg,
20250206,control ,control2,41,3.48,20250206_control2_size.jpeg,
20250206,control ,control2,42,5,20250206_control2_size.jpeg,
20250206,control ,control2,43,4.01,20250206_control2_size.jpeg,
20250206,control ,control2,44,4.53,20250206_control2_size.jpeg,
20250206,control ,control2,45,4.48,20250206_control2_size.jpeg,
20250206,control ,control2,46,4.34,20250206_control2_size.jpeg,
20250206,control ,control2,47,5.43,20250206_control2_size.jpeg,
20250206,control ,control2,48,6.39,20250206_control2_size.jpeg,
20250206,control ,control2,49,4.27,20250206_control2_size.jpeg,
20250206,control ,control2,50,6.55,20250206_control2_size.jpeg,
20250206,control ,control2,51,5.26,20250206_control2_size.jpeg,
20250206,control ,control2,52,6.14,20250206_control2_size.jpeg,
20250206,control ,control2,53,5.32,20250206_control2_size.jpeg,
20250206,control ,control2,54,5.5,20250206_control2_size.jpeg,
20250206,control ,control2,55,5.34,20250206_control2_size.jpeg,
20250206,control ,control2,56,2.99,20250206_control2_size.jpeg,
20250206,control ,control2,57,3.89,20250206_control2_size.jpeg,
20250206,control ,control2,58,4.87,20250206_control2_size.jpeg,
20250206,control ,control2,59,5.42,20250206_control2_size.jpeg,
20250206,control ,control2,60,6.72,20250206_control2_size.jpeg,
20250206,control ,control2,61,5.12,20250206_control2_size.jpeg,
20250206,control ,control2,62,5.53,20250206_control2_size.jpeg,
20250206,control ,control2,63,3.62,20250206_control2_size.jpeg,
20250206,control ,control2,64,4.81,20250206_control2_size.jpeg,
20250206,control ,control2,65,5.42,20250206_control2_size.jpeg,
20250206,control ,control2,66,5.97,20250206_control2_size.jpeg,
20250206,control ,control2,67,5.27,20250206_control2_size.jpeg,
20250206,control ,control2,68,5.27,20250206_control2_size.jpeg,
20250206,control ,control2,69,5.27,20250206_control2_size.jpeg,
20250206,control ,control2,70,4.41,20250206_control2_size.jpeg,
20250206,control ,control2,71,5.03,20250206_control2_size.jpeg,
20250206,control ,control2,72,6.39,20250206_control2_size.jpeg,
20250206,control ,control2,73,5.06,20250206_control2_size.jpeg,
20250206,control ,control2,74,4.46,20250206_control2_size.jpeg,
20250206,control ,control2,75,4.71,20250206_control2_size.jpeg,
20250206,control ,control2,76,4.25,20250206_control2_size.jpeg,
20250206,control ,control2,77,5.51,20250206_control2_size.jpeg,
20250206,control ,control2,78,5.02,20250206_control2_size.jpeg,
20250206,control ,control2,79,5.51,20250206_control2_size.jpeg,
20250206,control ,control2,80,4.01,20250206_control2_size.jpeg,
20250206,control ,control2,81,4.87,20250206_control2_size.jpeg,
20250206,control ,control2,82,4.73,20250206_control2_size.jpeg,
20250206,control ,control2,83,5.57,20250206_control2_size.jpeg,
20250206,control ,control2,84,3.66,20250206_control2_size.jpeg,
20250206,control ,control2,85,3.71,20250206_control2_size.jpeg,
20250206,control ,control2,86,4.24,20250206_control2_size.jpeg,
20250206,control ,control2,87,5.75,20250206_control2_size.jpeg,
20250206,control ,control2,88,7.43,20250206_control2_size.jpeg,
20250206,control ,control2,89,6.95,20250206_control2_size.jpeg,
20250206,control ,control2,90,5.55,20250206_control2_size.jpeg,
20250206,control ,control2,91,6.33,20250206_control2_size.jpeg,
20250206,control ,control2,92,5.14,20250206_control2_size.jpeg,
20250206,control ,control2,93,6.03,20250206_control2_size.jpeg,
20250206,control ,control2,94,4.37,20250206_control2_size.jpeg,
20250206,control ,control2,95,6.34,20250206_control2_size.jpeg,
20250206,control ,control2,96,7.62,20250206_control2_size.jpeg,
20250206,control ,control2,97,6.27,20250206_control2_size.jpeg,
20250206,control ,control2,98,6.27,20250206_control2_size.jpeg,
20250206,control ,control2,99,8.21,20250206_control2_size.jpeg,
20250206,control ,control2,100,3.69,20250206_control2_size.jpeg,
20250206,treatment,treated4,1,4.93,20250206_treated4_size.jpeg,
20250206,treatment,treated4,2,5.85,20250206_treated4_size.jpeg,
20250206,treatment,treated4,3,6.09,20250206_treated4_size.jpeg,
20250206,treatment,treated4,4,4.78,20250206_treated4_size.jpeg,
20250206,treatment,treated4,5,4.66,20250206_treated4_size.jpeg,
20250206,treatment,treated4,6,5.94,20250206_treated4_size.jpeg,
20250206,treatment,treated4,7,5.34,20250206_treated4_size.jpeg,
20250206,treatment,treated4,8,7.51,20250206_treated4_size.jpeg,
20250206,treatment,treated4,9,4.07,20250206_treated4_size.jpeg,
20250206,treatment,treated4,10,4.85,20250206_treated4_size.jpeg,
20250206,treatment,treated4,11,4.68,20250206_treated4_size.jpeg,
20250206,treatment,treated4,12,6.03,20250206_treated4_size.jpeg,
20250206,treatment,treated4,13,3.96,20250206_treated4_size.jpeg,
20250206,treatment,treated4,14,3.69,20250206_treated4_size.jpeg,
20250206,treatment,treated4,15,4.02,20250206_treated4_size.jpeg,
20250206,treatment,treated4,16,4.81,20250206_treated4_size.jpeg,
20250206,treatment,treated4,17,5.97,20250206_treated4_size.jpeg,
20250206,treatment,treated4,18,4.74,20250206_treated4_size.jpeg,
20250206,treatment,treated4,19,4.97,20250206_treated4_size.jpeg,
20250206,treatment,treated4,20,6.18,20250206_treated4_size.jpeg,
20250206,treatment,treated4,21,4.52,20250206_treated4_size.jpeg,
20250206,treatment,treated4,22,5,20250206_treated4_size.jpeg,
20250206,treatment,treated4,23,4.87,20250206_treated4_size.jpeg,
20250206,treatment,treated4,24,6.03,20250206_treated4_size.jpeg,
20250206,treatment,treated4,25,2.93,20250206_treated4_size.jpeg,
20250206,treatment,treated4,26,4.76,20250206_treated4_size.jpeg,
20250206,treatment,treated4,27,4.73,20250206_treated4_size.jpeg,
20250206,treatment,treated4,28,4.49,20250206_treated4_size.jpeg,
20250206,treatment,treated4,29,6.83,20250206_treated4_size.jpeg,
20250206,treatment,treated4,30,4.63,20250206_treated4_size.jpeg,
20250206,treatment,treated4,31,4.39,20250206_treated4_size.jpeg,
20250206,treatment,treated4,32,4.9,20250206_treated4_size.jpeg,
20250206,treatment,treated4,33,4.03,20250206_treated4_size.jpeg,
20250206,treatment,treated4,34,6.46,20250206_treated4_size.jpeg,
20250206,treatment,treated4,35,5.03,20250206_treated4_size.jpeg,
20250206,treatment,treated4,36,3.73,20250206_treated4_size.jpeg,
20250206,treatment,treated4,37,5.95,20250206_treated4_size.jpeg,
20250206,treatment,treated4,38,5,20250206_treated4_size.jpeg,
20250206,treatment,treated4,39,6.05,20250206_treated4_size.jpeg,
20250206,treatment,treated4,40,5.45,20250206_treated4_size.jpeg,
20250206,treatment,treated4,41,6.26,20250206_treated4_size.jpeg,
20250206,treatment,treated4,42,5.09,20250206_treated4_size.jpeg,
20250206,treatment,treated4,43,4.51,20250206_treated4_size.jpeg,
20250206,treatment,treated4,44,4.55,20250206_treated4_size.jpeg,
20250206,treatment,treated4,45,4.31,20250206_treated4_size.jpeg,
20250206,treatment,treated4,46,4.48,20250206_treated4_size.jpeg,
20250206,treatment,treated4,47,4.59,20250206_treated4_size.jpeg,
20250206,treatment,treated4,48,5.39,20250206_treated4_size.jpeg,
20250206,treatment,treated4,49,7.17,20250206_treated4_size.jpeg,
20250206,treatment,treated4,50,7.85,20250206_treated4_size.jpeg,
20250206,treatment,treated4,51,7.07,20250206_treated4_size.jpeg,
20250206,treatment,treated4,52,4.88,20250206_treated4_size.jpeg,
20250206,treatment,treated4,53,6.72,20250206_treated4_size.jpeg,
20250206,treatment,treated4,54,5.02,20250206_treated4_size.jpeg,
20250206,treatment,treated4,55,6.4,20250206_treated4_size.jpeg,
20250206,treatment,treated4,56,4.56,20250206_treated4_size.jpeg,
20250206,treatment,treated4,57,6.72,20250206_treated4_size.jpeg,
20250206,treatment,treated4,58,9.07,20250206_treated4_size.jpeg,
20250206,treatment,treated4,59,4.5,20250206_treated4_size.jpeg,
20250206,treatment,treated4,60,5.87,20250206_treated4_size.jpeg,
20250206,treatment,treated4,61,6.37,20250206_treated4_size.jpeg,
20250206,treatment,treated4,62,4.55,20250206_treated4_size.jpeg,
20250206,treatment,treated4,63,3.97,20250206_treated4_size.jpeg,
20250206,treatment,treated4,64,4.24,20250206_treated4_size.jpeg,
20250206,treatment,treated4,65,5,20250206_treated4_size.jpeg,
20250206,treatment,treated4,66,5.01,20250206_treated4_size.jpeg,
20250206,treatment,treated4,67,5.34,20250206_treated4_size.jpeg,
20250206,treatment,treated4,68,5.54,20250206_treated4_size.jpeg,
20250206,treatment,treated4,69,4.13,20250206_treated4_size.jpeg,
20250206,treatment,treated4,70,4.55,20250206_treated4_size.jpeg,
20250206,treatment,treated4,71,4.96,20250206_treated4_size.jpeg,
20250206,treatment,treated4,72,4.65,20250206_treated4_size.jpeg,
20250206,treatment,treated4,73,4,20250206_treated4_size.jpeg,
20250206,treatment,treated4,74,6.03,20250206_treated4_size.jpeg,
20250206,treatment,treated4,75,3.98,20250206_treated4_size.jpeg,
20250206,treatment,treated4,76,7.2,20250206_treated4_size.jpeg,
20250206,treatment,treated4,77,4.65,20250206_treated4_size.jpeg,
20250206,treatment,treated4,78,7.25,20250206_treated4_size.jpeg,
20250206,treatment,treated4,79,4.31,20250206_treated4_size.jpeg,
20250206,treatment,treated4,80,4.7,20250206_treated4_size.jpeg,
20250206,treatment,treated4,81,5.56,20250206_treated4_size.jpeg,
20250206,treatment,treated4,82,4.32,20250206_treated4_size.jpeg,
20250206,treatment,treated4,83,4.79,20250206_treated4_size.jpeg,
20250206,treatment,treated4,84,7.07,20250206_treated4_size.jpeg,
20250206,treatment,treated4,85,5.5,20250206_treated4_size.jpeg,
20250206,treatment,treated4,86,5.07,20250206_treated4_size.jpeg,
20250206,treatment,treated4,87,5.87,20250206_treated4_size.jpeg,
20250206,treatment,treated4,88,5.45,20250206_treated4_size.jpeg,
20250206,treatment,treated4,89,7.41,20250206_treated4_size.jpeg,
20250206,treatment,treated4,90,4.64,20250206_treated4_size.jpeg,
20250206,treatment,treated4,91,5.49,20250206_treated4_size.jpeg,
20250206,treatment,treated4,92,5.07,20250206_treated4_size.jpeg,
20250206,treatment,treated4,93,6.66,20250206_treated4_size.jpeg,
20250206,treatment,treated4,94,4.48,20250206_treated4_size.jpeg,
20250206,treatment,treated4,95,5.55,20250206_treated4_size.jpeg,
20250206,treatment,treated4,96,4.04,20250206_treated4_size.jpeg,
20250206,treatment,treated4,97,3.94,20250206_treated4_size.jpeg,
20250206,treatment,treated4,98,6.05,20250206_treated4_size.jpeg,
20250206,treatment,treated4,99,5.47,20250206_treated4_size.jpeg,
20250206,treatment,treated4,100,4.62,20250206_treated4_size.jpeg,
20250206,treatment,treated5,1,7.37,20250206_treated5_size.jpeg,
20250206,treatment,treated5,2,4.72,20250206_treated5_size.jpeg,
20250206,treatment,treated5,3,4.38,20250206_treated5_size.jpeg,
20250206,treatment,treated5,4,5.53,20250206_treated5_size.jpeg,
20250206,treatment,treated5,5,5.73,20250206_treated5_size.jpeg,
20250206,treatment,treated5,6,5.84,20250206_treated5_size.jpeg,
20250206,treatment,treated5,7,5.07,20250206_treated5_size.jpeg,
20250206,treatment,treated5,8,5.74,20250206_treated5_size.jpeg,
20250206,treatment,treated5,9,4.47,20250206_treated5_size.jpeg,
20250206,treatment,treated5,10,5.05,20250206_treated5_size.jpeg,
20250206,treatment,treated5,11,4.05,20250206_treated5_size.jpeg,
20250206,treatment,treated5,12,3.99,20250206_treated5_size.jpeg,
20250206,treatment,treated5,13,4.99,20250206_treated5_size.jpeg,
20250206,treatment,treated5,14,4.93,20250206_treated5_size.jpeg,
20250206,treatment,treated5,15,4.54,20250206_treated5_size.jpeg,
20250206,treatment,treated5,16,4.93,20250206_treated5_size.jpeg,
20250206,treatment,treated5,17,4.37,20250206_treated5_size.jpeg,
20250206,treatment,treated5,18,5.27,20250206_treated5_size.jpeg,
20250206,treatment,treated5,19,4.51,20250206_treated5_size.jpeg,
20250206,treatment,treated5,20,5.81,20250206_treated5_size.jpeg,
20250206,treatment,treated5,21,4.47,20250206_treated5_size.jpeg,
20250206,treatment,treated5,22,4.35,20250206_treated5_size.jpeg,
20250206,treatment,treated5,23,4.43,20250206_treated5_size.jpeg,
20250206,treatment,treated5,24,4.1,20250206_treated5_size.jpeg,
20250206,treatment,treated5,25,3.85,20250206_treated5_size.jpeg,
20250206,treatment,treated5,26,5.2,20250206_treated5_size.jpeg,
20250206,treatment,treated5,27,3.99,20250206_treated5_size.jpeg,
20250206,treatment,treated5,28,5.04,20250206_treated5_size.jpeg,
20250206,treatment,treated5,29,6.43,20250206_treated5_size.jpeg,
20250206,treatment,treated5,30,3.94,20250206_treated5_size.jpeg,
20250206,treatment,treated5,31,5.49,20250206_treated5_size.jpeg,
20250206,treatment,treated5,32,6.38,20250206_treated5_size.jpeg,
20250206,treatment,treated5,33,4.62,20250206_treated5_size.jpeg,
20250206,treatment,treated5,34,4.78,20250206_treated5_size.jpeg,
20250206,treatment,treated5,35,3.94,20250206_treated5_size.jpeg,
20250206,treatment,treated5,36,5,20250206_treated5_size.jpeg,
20250206,treatment,treated5,37,5.43,20250206_treated5_size.jpeg,
20250206,treatment,treated5,38,5.7,20250206_treated5_size.jpeg,
20250206,treatment,treated5,39,5.32,20250206_treated5_size.jpeg,
20250206,treatment,treated5,40,4.89,20250206_treated5_size.jpeg,
20250206,treatment,treated5,41,5.2,20250206_treated5_size.jpeg,
20250206,treatment,treated5,42,4.22,20250206_treated5_size.jpeg,
20250206,treatment,treated5,43,5.02,20250206_treated5_size.jpeg,
20250206,treatment,treated5,44,5.88,20250206_treated5_size.jpeg,
20250206,treatment,treated5,45,4.82,20250206_treated5_size.jpeg,
20250206,treatment,treated5,46,6.22,20250206_treated5_size.jpeg,
20250206,treatment,treated5,47,4.93,20250206_treated5_size.jpeg,
20250206,treatment,treated5,48,3.55,20250206_treated5_size.jpeg,
20250206,treatment,treated5,49,3.94,20250206_treated5_size.jpeg,
20250206,treatment,treated5,50,5.4,20250206_treated5_size.jpeg,
20250206,treatment,treated5,51,4.59,20250206_treated5_size.jpeg,
20250206,treatment,treated5,52,3.85,20250206_treated5_size.jpeg,
20250206,treatment,treated5,53,4.28,20250206_treated5_size.jpeg,
20250206,treatment,treated5,54,5.65,20250206_treated5_size.jpeg,
20250206,treatment,treated5,55,5.39,20250206_treated5_size.jpeg,
20250206,treatment,treated5,56,4.05,20250206_treated5_size.jpeg,
20250206,treatment,treated5,57,4.51,20250206_treated5_size.jpeg,
20250206,treatment,treated5,58,5.2,20250206_treated5_size.jpeg,
20250206,treatment,treated5,59,4.86,20250206_treated5_size.jpeg,
20250206,treatment,treated5,60,4.98,20250206_treated5_size.jpeg,
20250206,treatment,treated5,61,3.43,20250206_treated5_size.jpeg,
20250206,treatment,treated5,62,4.2,20250206_treated5_size.jpeg,
20250206,treatment,treated5,63,5.28,20250206_treated5_size.jpeg,
20250206,treatment,treated5,64,4.99,20250206_treated5_size.jpeg,
20250206,treatment,treated5,65,4.31,20250206_treated5_size.jpeg,
20250206,treatment,treated5,66,3.67,20250206_treated5_size.jpeg,
20250206,treatment,treated5,67,4.7,20250206_treated5_size.jpeg,
20250206,treatment,treated5,68,4.27,20250206_treated5_size.jpeg,
20250206,treatment,treated5,69,4.99,20250206_treated5_size.jpeg,
20250206,treatment,treated5,70,6.08,20250206_treated5_size.jpeg,
20250206,treatment,treated5,71,4.67,20250206_treated5_size.jpeg,
20250206,treatment,treated5,72,4.48,20250206_treated5_size.jpeg,
20250206,treatment,treated5,73,4.11,20250206_treated5_size.jpeg,
20250206,treatment,treated5,74,4.76,20250206_treated5_size.jpeg,
20250206,treatment,treated5,75,4.96,20250206_treated5_size.jpeg,
20250206,treatment,treated5,76,4.44,20250206_treated5_size.jpeg,
20250206,treatment,treated5,77,3.59,20250206_treated5_size.jpeg,
20250206,treatment,treated5,78,3.94,20250206_treated5_size.jpeg,
20250206,treatment,treated5,79,5.43,20250206_treated5_size.jpeg,
20250206,treatment,treated5,80,5.27,20250206_treated5_size.jpeg,
20250206,treatment,treated5,81,4.11,20250206_treated5_size.jpeg,
20250206,treatment,treated5,82,5.84,20250206_treated5_size.jpeg,
20250206,treatment,treated5,83,5.73,20250206_treated5_size.jpeg,
20250206,treatment,treated5,84,3.66,20250206_treated5_size.jpeg,
20250206,treatment,treated5,85,5.58,20250206_treated5_size.jpeg,
20250206,treatment,treated5,86,4.35,20250206_treated5_size.jpeg,
20250206,treatment,treated5,87,5.13,20250206_treated5_size.jpeg,
20250206,treatment,treated5,88,5.66,20250206_treated5_size.jpeg,
20250206,treatment,treated5,89,5.12,20250206_treated5_size.jpeg,
20250206,treatment,treated5,90,5.35,20250206_treated5_size.jpeg,
20250206,treatment,treated5,91,5.88,20250206_treated5_size.jpeg,
20250206,treatment,treated5,92,6.34,20250206_treated5_size.jpeg,
20250206,treatment,treated5,93,5.32,20250206_treated5_size.jpeg,
20250206,treatment,treated5,94,5.47,20250206_treated5_size.jpeg,
20250206,treatment,treated5,95,6.67,20250206_treated5_size.jpeg,
20250206,treatment,treated5,96,5.51,20250206_treated5_size.jpeg,
20250206,treatment,treated5,97,4.11,20250206_treated5_size.jpeg,
20250206,treatment,treated5,98,5.1,20250206_treated5_size.jpeg,
20250206,treatment,treated5,99,4.44,20250206_treated5_size.jpeg,
20250206,treatment,treated5,100,7.2,20250206_treated5_size.jpeg,
20250530,control ,control1,1,11.17,control_20250530.jpeg,
20250530,control ,control1,2,7.39,control_20250530.jpeg,
20250530,control ,control1,3,7.91,control_20250530.jpeg,
20250530,control ,control1,4,9.45,control_20250530.jpeg,
20250530,control ,control1,5,9.34,control_20250530.jpeg,
20250530,control ,control1,6,10.56,control_20250530.jpeg,
20250530,control ,control1,7,9.43,control_20250530.jpeg,
20250530,control ,control1,8,8.75,control_20250530.jpeg,
20250530,control ,control1,9,7.82,control_20250530.jpeg,
20250530,control ,control1,10,9.08,control_20250530.jpeg,
20250530,control ,control1,11,7.72,control_20250530.jpeg,
20250530,control ,control1,12,7.55,control_20250530.jpeg,
20250530,control ,control1,13,10.17,control_20250530.jpeg,
20250530,control ,control1,14,8.95,control_20250530.jpeg,
20250530,control ,control1,15,10.44,control_20250530.jpeg,
20250530,control ,control1,16,6.54,control_20250530.jpeg,
20250530,control ,control1,17,10.93,control_20250530.jpeg,
20250530,control ,control1,18,8.62,control_20250530.jpeg,
20250530,control ,control1,19,9.78,control_20250530.jpeg,
20250530,control ,control1,20,8.06,control_20250530.jpeg,
20250530,control ,control1,21,8.62,control_20250530.jpeg,
20250530,control ,control1,22,5.45,control_20250530.jpeg,
20250530,control ,control1,23,9.63,control_20250530.jpeg,
20250530,control ,control1,24,7.87,control_20250530.jpeg,
20250530,control ,control1,25,9.78,control_20250530.jpeg,
20250530,control ,control1,26,8.72,control_20250530.jpeg,
20250530,control ,control1,27,7.5,control_20250530.jpeg,
20250530,control ,control1,28,7.8,control_20250530.jpeg,
20250530,control ,control1,29,7.86,control_20250530.jpeg,
20250530,control ,control1,30,9.08,control_20250530.jpeg,
20250530,control ,control1,31,12.55,control_20250530.jpeg,
20250530,control ,control1,32,9.18,control_20250530.jpeg,
20250530,control ,control1,33,8.06,control_20250530.jpeg,
20250530,control ,control1,34,11.04,control_20250530.jpeg,
20250530,control ,control1,35,8.1,control_20250530.jpeg,
20250530,control ,control1,36,9.62,control_20250530.jpeg,
20250530,control ,control1,37,11.15,control_20250530.jpeg,
20250530,control ,control1,38,8.71,control_20250530.jpeg,
20250530,control ,control1,39,12.14,control_20250530.jpeg,
20250530,control ,control1,40,6.66,control_20250530.jpeg,
20250530,control ,control1,41,9.08,control_20250530.jpeg,
20250530,control ,control1,42,10.48,control_20250530.jpeg,
20250530,control ,control1,43,8.06,control_20250530.jpeg,
20250530,control ,control1,44,9.5,control_20250530.jpeg,
20250530,control ,control1,45,7.82,control_20250530.jpeg,
20250530,control ,control1,46,7.64,control_20250530.jpeg,
20250530,control ,control1,47,10.15,control_20250530.jpeg,
20250530,control ,control1,48,6.67,control_20250530.jpeg,
20250530,control ,control1,49,12.3,control_20250530.jpeg,
20250530,control ,control1,50,8.72,control_20250530.jpeg,
20250530,control ,control1,51,8.11,control_20250530.jpeg,
20250530,control ,control1,52,11.55,control_20250530.jpeg,
20250530,control ,control1,53,11.74,control_20250530.jpeg,
20250530,control ,control1,54,10.42,control_20250530.jpeg,
20250530,control ,control1,55,8.68,control_20250530.jpeg,
20250530,control ,control1,56,8.03,control_20250530.jpeg,
20250530,control ,control1,57,8.12,control_20250530.jpeg,
20250530,control ,control1,58,7.53,control_20250530.jpeg,
20250530,control ,control1,59,10.19,control_20250530.jpeg,
20250530,control ,control1,60,8.6,control_20250530.jpeg,
20250530,control ,control1,61,8.98,control_20250530.jpeg,
20250530,control ,control1,62,7.5,control_20250530.jpeg,
20250530,control ,control1,63,10.34,control_20250530.jpeg,
20250530,control ,control1,64,9.88,control_20250530.jpeg,
20250530,control ,control1,65,8.01,control_20250530.jpeg,
20250530,control ,control1,66,10.32,control_20250530.jpeg,
20250530,control ,control1,67,10.46,control_20250530.jpeg,
20250530,control ,control1,68,8.12,control_20250530.jpeg,
20250530,control ,control1,69,9.71,control_20250530.jpeg,
20250530,control ,control1,70,8.85,control_20250530.jpeg,
20250530,control ,control1,71,10.32,control_20250530.jpeg,
20250530,control ,control1,72,7.7,control_20250530.jpeg,
20250530,control ,control1,73,11,control_20250530.jpeg,
20250530,control ,control1,74,8.33,control_20250530.jpeg,
20250530,control ,control1,75,6.45,control_20250530.jpeg,
20250530,control ,control1,76,9.56,control_20250530.jpeg,
20250530,control ,control1,77,8.58,control_20250530.jpeg,
20250530,control ,control1,78,10.05,control_20250530.jpeg,
20250530,control ,control1,79,9.09,control_20250530.jpeg,
20250530,control ,control1,80,9.82,control_20250530.jpeg,
20250530,control ,control1,81,9.29,control_20250530.jpeg,
20250530,control ,control1,82,10.82,control_20250530.jpeg,
20250530,control ,control1,83,8.5,control_20250530.jpeg,
20250530,control ,control1,84,7.18,control_20250530.jpeg,
20250530,control ,control1,85,11.79,control_20250530.jpeg,
20250530,control ,control1,86,8.34,control_20250530.jpeg,
20250530,control ,control1,87,8.92,control_20250530.jpeg,
20250530,control ,control1,88,9.736,control_20250530.jpeg,
20250530,control ,control1,89,9.447,control_20250530.jpeg,
20250530,control ,control1,90,7.02,control_20250530.jpeg,
20250530,control ,control1,91,11.44,control_20250530.jpeg,
20250530,control ,control1,92,9.94,control_20250530.jpeg,
20250530,control ,control1,93,9.21,control_20250530.jpeg,
20250530,control ,control1,94,9.28,control_20250530.jpeg,
20250530,control ,control1,95,10.76,control_20250530.jpeg,
20250530,control ,control1,96,9.47,control_20250530.jpeg,
20250530,control ,control1,97,8.89,control_20250530.jpeg,
20250530,control ,control1,98,10.25,control_20250530.jpeg,
20250530,control ,control1,99,9.81,control_20250530.jpeg,
20250530,control ,control1,100,7.91,control_20250530.jpeg,
20250530,treatment,treated4,1,9.79,treated_20250530.jpeg,
20250530,treatment,treated4,2,11.45,treated_20250530.jpeg,
20250530,treatment,treated4,3,11.63,treated_20250530.jpeg,
20250530,treatment,treated4,4,8.13,treated_20250530.jpeg,
20250530,treatment,treated4,5,9.86,treated_20250530.jpeg,
20250530,treatment,treated4,6,8.48,treated_20250530.jpeg,
20250530,treatment,treated4,7,9.8,treated_20250530.jpeg,
20250530,treatment,treated4,8,7.74,treated_20250530.jpeg,
20250530,treatment,treated4,9,11.23,treated_20250530.jpeg,
20250530,treatment,treated4,10,9.21,treated_20250530.jpeg,
20250530,treatment,treated4,11,9.48,treated_20250530.jpeg,
20250530,treatment,treated4,12,9.48,treated_20250530.jpeg,
20250530,treatment,treated4,13,7.59,treated_20250530.jpeg,
20250530,treatment,treated4,14,9.94,treated_20250530.jpeg,
20250530,treatment,treated4,15,10.2,treated_20250530.jpeg,
20250530,treatment,treated4,16,10.02,treated_20250530.jpeg,
20250530,treatment,treated4,17,7.41,treated_20250530.jpeg,
20250530,treatment,treated4,18,8.7,treated_20250530.jpeg,
20250530,treatment,treated4,19,11.87,treated_20250530.jpeg,
20250530,treatment,treated4,20,8.34,treated_20250530.jpeg,
20250530,treatment,treated4,21,8.86,treated_20250530.jpeg,
20250530,treatment,treated4,22,11.2,treated_20250530.jpeg,
20250530,treatment,treated4,23,9.83,treated_20250530.jpeg,
20250530,treatment,treated4,24,10.91,treated_20250530.jpeg,
20250530,treatment,treated4,25,10.12,treated_20250530.jpeg,
20250530,treatment,treated4,26,7.59,treated_20250530.jpeg,
20250530,treatment,treated4,27,7.93,treated_20250530.jpeg,
20250530,treatment,treated4,28,9.07,treated_20250530.jpeg,
20250530,treatment,treated4,29,9.92,treated_20250530.jpeg,
20250530,treatment,treated4,30,9.31,treated_20250530.jpeg,
20250530,treatment,treated4,31,8.34,treated_20250530.jpeg,
20250530,treatment,treated4,32,8.79,treated_20250530.jpeg,
20250530,treatment,treated4,33,11.02,treated_20250530.jpeg,
20250530,treatment,treated4,34,10.82,treated_20250530.jpeg,
20250530,treatment,treated4,35,8.29,treated_20250530.jpeg,
20250530,treatment,treated4,36,7.03,treated_20250530.jpeg,
20250530,treatment,treated4,37,12.86,treated_20250530.jpeg,
20250530,treatment,treated4,38,10.45,treated_20250530.jpeg,
20250530,treatment,treated4,39,10.85,treated_20250530.jpeg,
20250530,treatment,treated4,40,10.71,treated_20250530.jpeg,
20250530,treatment,treated4,41,8.12,treated_20250530.jpeg,
20250530,treatment,treated4,42,9.66,treated_20250530.jpeg,
20250530,treatment,treated4,43,13.66,treated_20250530.jpeg,
20250530,treatment,treated4,44,8.1,treated_20250530.jpeg,
20250530,treatment,treated4,45,9.4,treated_20250530.jpeg,
20250530,treatment,treated4,46,7.74,treated_20250530.jpeg,
20250530,treatment,treated4,47,11.01,treated_20250530.jpeg,
20250530,treatment,treated4,48,12.89,treated_20250530.jpeg,
20250530,treatment,treated4,49,8.7,treated_20250530.jpeg,
20250530,treatment,treated4,50,9.42,treated_20250530.jpeg,
20250530,treatment,treated4,51,8.37,treated_20250530.jpeg,
20250530,treatment,treated4,52,10,treated_20250530.jpeg,
20250530,treatment,treated4,53,11.62,treated_20250530.jpeg,
20250530,treatment,treated4,54,8.62,treated_20250530.jpeg,
20250530,treatment,treated4,55,12.49,treated_20250530.jpeg,
20250530,treatment,treated4,56,12.26,treated_20250530.jpeg,
20250530,treatment,treated4,57,10.71,treated_20250530.jpeg,
20250530,treatment,treated4,58,8.42,treated_20250530.jpeg,
20250530,treatment,treated4,59,8.49,treated_20250530.jpeg,
20250530,treatment,treated4,60,9.27,treated_20250530.jpeg,
20250530,treatment,treated4,61,8.58,treated_20250530.jpeg,
20250530,treatment,treated4,62,11.63,treated_20250530.jpeg,
20250530,treatment,treated4,63,10,treated_20250530.jpeg,
20250530,treatment,treated4,64,9.87,treated_20250530.jpeg,
20250530,treatment,treated4,65,9.03,treated_20250530.jpeg,
20250530,treatment,treated4,66,9.82,treated_20250530.jpeg,
20250530,treatment,treated4,67,8.74,treated_20250530.jpeg,
20250530,treatment,treated4,68,9.15,treated_20250530.jpeg,
20250530,treatment,treated4,69,8.03,treated_20250530.jpeg,
20250530,treatment,treated4,70,11.3,treated_20250530.jpeg,
20250530,treatment,treated4,71,10.82,treated_20250530.jpeg,
20250530,treatment,treated4,72,6.66,treated_20250530.jpeg,
20250530,treatment,treated4,73,6.66,treated_20250530.jpeg,
20250530,treatment,treated4,74,8.9,treated_20250530.jpeg,
20250530,treatment,treated4,75,10.52,treated_20250530.jpeg,
20250530,treatment,treated4,76,10.17,treated_20250530.jpeg,
20250530,treatment,treated4,77,12.74,treated_20250530.jpeg,
20250530,treatment,treated4,78,9.31,treated_20250530.jpeg,
20250530,treatment,treated4,79,9.1,treated_20250530.jpeg,
20250530,treatment,treated4,80,8.05,treated_20250530.jpeg,
20250530,treatment,treated4,81,7.57,treated_20250530.jpeg,
20250530,treatment,treated4,82,10.17,treated_20250530.jpeg,
20250530,treatment,treated4,83,13.64,treated_20250530.jpeg,
20250530,treatment,treated4,84,11.67,treated_20250530.jpeg,
20250530,treatment,treated4,85,8.49,treated_20250530.jpeg,
20250530,treatment,treated4,86,8.53,treated_20250530.jpeg,
20250530,treatment,treated4,87,11.1,treated_20250530.jpeg,
20250530,treatment,treated4,88,8.03,treated_20250530.jpeg,
20250530,treatment,treated4,89,10.07,treated_20250530.jpeg,
20250530,treatment,treated4,90,9.05,treated_20250530.jpeg,
20250530,treatment,treated4,91,6.94,treated_20250530.jpeg,
20250530,treatment,treated4,92,11.8,treated_20250530.jpeg,
20250530,treatment,treated4,93,10.53,treated_20250530.jpeg,
20250530,treatment,treated4,94,11.37,treated_20250530.jpeg,
20250530,treatment,treated4,95,12.61,treated_20250530.jpeg,
20250530,treatment,treated4,96,11.79,treated_20250530.jpeg,
20250530,treatment,treated4,97,9.33,treated_20250530.jpeg,
20250530,treatment,treated4,98,9.83,treated_20250530.jpeg,
20250530,treatment,treated4,99,8.65,treated_20250530.jpeg,
20250530,treatment,treated4,100,10.44,treated_20250530.jpeg,