,Well,Fluor,Target,Content,Sample,Biological Set Name,Cq,Cq Mean,Cq Std. Dev,Starting Quantity (SQ),Log Starting Quantity,SQ Mean,SQ Std. Dev,Set Point,Well Note
,D01,SYBR,DNMT1,Unkn-11,A1PC,,31.7960488121902,31.9380461777736,0.123683043933182,NaN,NaN,NaN,NaN,60,
,D02,SYBR,DNMT1,Unkn-11,A1PC,,31.995813969359,31.9380461777736,0.123683043933182,NaN,NaN,NaN,NaN,60,
,D03,SYBR,DNMT1,Unkn-11,A1PC,,32.0222757517715,31.9380461777736,0.123683043933182,NaN,NaN,NaN,NaN,60,
,D04,SYBR,DNMT1,Unkn-12,A2PC,,30.640213046933,30.6231470859854,0.0439537597164803,NaN,NaN,NaN,NaN,60,
,D05,SYBR,DNMT1,Unkn-12,A2PC,,30.5732196889085,30.6231470859854,0.0439537597164803,NaN,NaN,NaN,NaN,60,
,D06,SYBR,DNMT1,Unkn-12,A2PC,,30.6560085221148,30.6231470859854,0.0439537597164803,NaN,NaN,NaN,NaN,60,
,D07,SYBR,DNMT1,Unkn-13,A3PC,,32.3732245468777,32.1614326234506,0.216256844281084,NaN,NaN,NaN,NaN,60,
,D08,SYBR,DNMT1,Unkn-13,A3PC,,32.1701017461944,32.1614326234506,0.216256844281084,NaN,NaN,NaN,NaN,60,
,D09,SYBR,DNMT1,Unkn-13,A3PC,,31.9409715772798,32.1614326234506,0.216256844281084,NaN,NaN,NaN,NaN,60,
,D10,SYBR,DNMT1,Unkn-14,A4PC,,32.102269710922,32.1748173114951,0.0692832796959822,NaN,NaN,NaN,NaN,60,
,D11,SYBR,DNMT1,Unkn-14,A4PC,,32.1818882508988,32.1748173114951,0.0692832796959822,NaN,NaN,NaN,NaN,60,
,D12,SYBR,DNMT1,Unkn-14,A4PC,,32.2402939726645,32.1748173114951,0.0692832796959822,NaN,NaN,NaN,NaN,60,
,E01,SYBR,DNMT1,Unkn-15,A5PC,,30.7788029474621,30.5956796472031,0.166227914733742,NaN,NaN,NaN,NaN,60,
,E02,SYBR,DNMT1,Unkn-15,A5PC,,30.5539287621092,30.5956796472031,0.166227914733742,NaN,NaN,NaN,NaN,60,
,E03,SYBR,DNMT1,Unkn-15,A5PC,,30.4543072320381,30.5956796472031,0.166227914733742,NaN,NaN,NaN,NaN,60,
,E04,SYBR,DNMT1,Unkn-16,B1PC,,30.5704736027668,30.6168690509875,0.365746600909649,NaN,NaN,NaN,NaN,60,
,E05,SYBR,DNMT1,Unkn-16,B1PC,,31.0035996798882,30.6168690509875,0.365746600909649,NaN,NaN,NaN,NaN,60,
,E06,SYBR,DNMT1,Unkn-16,B1PC,,30.2765338703076,30.6168690509875,0.365746600909649,NaN,NaN,NaN,NaN,60,
,E07,SYBR,DNMT1,Unkn-17,B2PC,,32.8470371359249,32.7120454587742,0.20171791754311,NaN,NaN,NaN,NaN,60,
,E08,SYBR,DNMT1,Unkn-17,B2PC,,32.8089365223018,32.7120454587742,0.20171791754311,NaN,NaN,NaN,NaN,60,
,E09,SYBR,DNMT1,Unkn-17,B2PC,,32.4801627180961,32.7120454587742,0.20171791754311,NaN,NaN,NaN,NaN,60,
,E10,SYBR,DNMT1,Unkn-18,B3PC,,31.1354746441479,30.9914843120682,0.128975475289665,NaN,NaN,NaN,NaN,60,
,E11,SYBR,DNMT1,Unkn-18,B3PC,,30.9524248626118,30.9914843120682,0.128975475289665,NaN,NaN,NaN,NaN,60,
,E12,SYBR,DNMT1,Unkn-18,B3PC,,30.8865534294448,30.9914843120682,0.128975475289665,NaN,NaN,NaN,NaN,60,
,F01,SYBR,DNMT1,Unkn-19,B4PC,,29.3601832971496,30.8342083840661,2.42572076397087,NaN,NaN,NaN,NaN,60,
,F02,SYBR,DNMT1,Unkn-19,B4PC,,29.5085627500468,30.8342083840661,2.42572076397087,NaN,NaN,NaN,NaN,60,
,F03,SYBR,DNMT1,Unkn-19,B4PC,,33.6338791050019,30.8342083840661,2.42572076397087,NaN,NaN,NaN,NaN,60,
,F04,SYBR,DNMT1,Unkn-20,B5PC,,NaN,0,0,NaN,NaN,0,0,60,
,F05,SYBR,DNMT1,Unkn-20,B5PC,,NaN,0,0,NaN,NaN,0,0,60,
,F06,SYBR,DNMT1,Unkn-20,B5PC,,37.882402950541,37.882402950541,0,NaN,NaN,NaN,0,60,
,F07,SYBR,DNMT1,NTC-02,,,NaN,0,0,NaN,NaN,0,0,60,
,F08,SYBR,DNMT1,NTC-02,,,NaN,0,0,NaN,NaN,0,0,60,
,F09,SYBR,DNMT1,NTC-02,,,NaN,0,0,NaN,NaN,0,0,60,
